Tim Burton,regizor,niciunul,fara restrictii
James Marshall,regizor,niciunul,fara restrictii
Gandja Monteiro,regizor,niciunul,flexiterian
Charles Addams,scriitor,niciunul,vegetarian
Alfred Gough,scriitor,niciunul,fara restrictii
Miles Millar,scriitor,niciunul,vegetarian
Kayla Alpert,scriitoare,niciunul,vegetarian
April Blair,scriitoare,niciunul,fara restrictii
Matt Lambert,scriitor,niciunul,fara restrictii
Jenna Ortega,actor/actrita principal,clarviziune,vegetarian
Gwendoline Christie,actor/actrita principal,uman,fara restrictii
Riki Lindhome,actor/actrita principal,uman,flexiterian
Emma Myers,actor/actrita principal,varcolac,flexiterian
Joy Sunday,actor/actrita principal,sirena,vegetarian
Naomi J. Ogawa,actor/actrita principal,vampir,fara restrictii
Christina Ricci,actor/actrita principal,uman,flexiterian
Jamie McShane,actor/actrita principal,uman,flexiterian
Hunter Doohan,actor/actrita principal,uman,flexiterian
Percy Hynes White,actor/actrita principal,uman,fara restrictii
Georgie Farmer,actor/actrita principal,uman,flexiterian
Johnna Dias-Watson,actor/actrita,sirena,fara restrictii
Oliver Watson,actor/actrita,sirena,flexiterian
Victor Dorobantu,actor/actrita,om,flexiterian
Moosa Mostafa,actor/actrita principal,uman,fara restrictii
Daniel Himschoot,actor/actrita,om,vegetarian
Luyanda Unati Lewis-Nyawo,actor/actrita,om,fara restrictii
Iman Marson,actor/actrita,om,flexiterian
Calum Ross,actor/actrita,om,fara restrictii
Cezar Grumazescu,actor/actrita,om,vegetarian
Tommie Earl Jenkins,actor/actrita,om,flexiterian
Catherine Zeta-Jones,actor/actrita,clarviziune,fara restrictii
Morgan Beale,actor/actrita,om,vegetarian
George Burcea,actor/actrita,om,flexiterian
Islam Bouakkaz,actor/actrita,om,vegetarian
William Houston,actor/actrita,om,vegetarian
Karina Varadi,actor/actrita,clarviziune,vegetarian
Rina Mahoney,actor/actrita,om,flexiterian
Georgia Goodman,actor/actrita,om,fara restrictii
Murray McArthur,actor/actrita,om,flexiterian
Fred Armisen,actor/actrita,om,vegetarian
Luis Guzman,actor/actrita,om,fara restrictii
Olimpia Malai,actor/actrita,om,flexiterian
Isaac Ordonez,actor/actrita,om,flexiterian
Nitin Ganatra,actor/actrita,om,fara restrictii
Lucius Hoyos,actor/actrita,om,vegetarian
Cheherezade Valentine Okotaka Ebale,actor/actrita,om,fara restrictii
Oliver Wickham,actor/actrita,om,fara restrictii
Edward Kennedy,actor/actrita,vampir,flexiterian
Ismail Kesu,actor/actrita,om,vegetarian
Caroline Lawrie,actor/actrita,om,flexiterian
Lachele Carl,actor/actrita,om,vegetarian
Gwen Jones,actor/actrita,clarviziune,vegetarian
Lisa O'Hare,actor/actrita,om,vegetarian
Sophia Nomvete,actor/actrita,om,fara restrictii
Ichiro Yuki,actor/actrita,vampir,vegetarian
Amanda Drew,actor/actrita,varcolac,vegetarian
Ryan Ellsworth,actor/actrita,varcolac,fara restrictii
Gloria Garcia,actor/actrita,om,flexiterian
Gracy Goldman,actor/actrita,sirena,vegetarian
Lewis Hayes,actor/actrita,om,vegetarian
Philip Rosch,actor/actrita,om,flexiterian
Michael Okele,actor/actrita,om,flexiterian
Chloe Cate,actor/actrita,om,vegetarian
Kayla Alpert,producator executiv,niciunul,vegetarian
Gail Berman,producator executiv,niciunul,vegetarian
Tim Burton,producator executiv,niciunul,flexiterian
Jonathan Glickman,producator executiv,niciunul,vegetarian
Carla Gonz lez Vargas,co-producator executiv,niciunul,fara restrictii
Alfred Gough,producator executiv,niciunul,fara restrictii
Tommy Harper,producator executiv,niciunul,flexiterian
Nick Iannelli,co-producator,niciunul,vegetarian
Kevin Lafferty,producator executiv,niciunul,vegetarian
Miles Millar,producator executiv,niciunul,vegetarian
David Minkowski,co-producator executiv,niciunul,flexiterian
Kevin Miserocchi,producator executiv,niciunul,flexiterian
Andrew Mittman,producator executiv,niciunul,flexiterian
Carmen Pepelea,producatoare,niciuna,flexiterian
Steve Stark,producator executiv,niciunul,fara restrictii
Natalie Testa,producator asociat,niciunul,flexiterian
Todd Williams,co-producator executiv,niciunul,flexiterian
Chris Bacon,muzica,niciunul,flexiterian
Danny Elfman,muzica,niciunul,vegetarian
Stephan Pehrsson,cinematografie,niciunul,vegetarian
David Lanzenberg,cinematografie,niciunul,flexiterian
Ana Yavari,montaj film,niciunul,fara restrictii
Jay Prychidny,montaj de film,niciunul,fara restrictii
Paul G. Day,montaj de film,niciunul,flexiterian
Florina Fernandes,casting,niciunul,flexiterian
Sophie Holland,casting,niciunul,vegetarian
John Papsidera,casting,niciunul,fara restrictii
Mark Scruton,design de producție,niciunul,fara restrictii
Adrian Curelea,supervizor art director,niciunul,fara restrictii
Ghinea Diana,regie artistică,niciunul,fara restrictii
Silvia Nancu,regie artistică,niciunul,fara restrictii
Andrei-Florian Popa,asistent art director / suplimentar standby art director,none,none
Serban Porupca,art director senior (8 episoade 2022),none,none
Vlad Roseanu,art director / art director pe platou (8 episoade 2022),none,none
Roxana Alexandru,directie artistica (3 episoade 2022),niciuna,vegetarian
Carmen Ratoi,regie artistica (3 episoade 2022),niciuna,vegetarian
Laurentiu Zarnoianu,regie de set (8 episoade 2022),niciuna,vegetarian
David Morison,regie setată (4 episoade 2022),niciunul,fara restrictii
Rob Hepburn,regie setată (4 episoade 2022),niciunul,vegetarian
Colleen Atwood,design de costume (8 episoade 2022),niciunul,flexiterian
Bianca Boeroiu,makeup artist (8 episoade 2022),niciuna,flexiterian
Catalin Ciutu,hair stylist supervisor: crowd (8 episoade 2022),none,none
Natalie L Costello,artist cu efecte speciale de machiaj (8 episoade 2022),niciunul,vegetarian
Julian Hutcheson,artist cu efecte speciale de machiaj (8 episoade 2022),niciunul,vegetarian
Nirvana Jalalvand,artist de coafură și machiaj: echipa principală (8 episoade 2022),niciunul,flexiterian
Grace McComisky,artist protezist / machiaj protetic (8 episoade 2022),niciunul,flexiterian
Tara McDonald,designer de coafură și machiaj (8 episoade 2022),niciunul,fara restrictii
Dominic Mombrun,designer și producător de efecte dentare (8 episoade 2022),niciunul,fara restrictii
Angela Ruiz Morales,artist de protezare (8 episoade 2022),niciunul,flexiterian
Paraschiv Oana,makeup artist (8 episoade 2022),none,none
Alexandru Sassu,asistent makeup artist (8 episoade 2022),niciunul,vegetarian
Bas Schwarz,artist de machiaj cu efecte speciale: mouldmaker & props (8 episoade 2022),niciunul,vegetarian
Rub n Serra,artist cu efecte speciale de machiaj (8 episoade 2022),niciunul,vegetarian
Margo Stefan,hair stylist (8 episoade 2022),niciunul,vegetarian
Viktoria Stieber,artist de machiaj protetic (8 episoade 2022),niciunul,fara restrictii
Sinead Sweeney,coordonator lentile de contact SFX (8 episoade 2022),niciunul,fara restrictii
Iuliana Temelie,hair stylist (8 episoade 2022),none,none
Clara Tudose,artist de coafură și machiaj (8 episoade 2022),niciunul,flexiterian
Raquel lvarez,sculptor de machiaj protetic (8 episoade 2022),niciunul,fara restrictii
Freda Ellis,supraveghetor de machiaj (6 episoade 2022),niciunul,fara restrictii
Ripley Dale-Gulston,artist junior de coafură și machiaj (6 episoade 2022),niciunul,flexiterian
Olimpia Stoicea,hair & makeup artist: echipa principală (6 episoade 2022),none,none
Tia Costell,artist junior de coafură și machiaj (4 episoade 2022),niciunul,flexiterian
Susan Cole,hair stylist personal: Luis Guzman (4 episoade 2022),niciunul,vegetarian
Jean Carlos de Blas,artist cheie de coafură și machiaj (4 episoade 2022),niciunul,flexiterian
Gabriella Havens,artist de machiaj (3 episoade 2022),niciunul,flexiterian
Sheherezada Kouchaki,artist de machiaj (4 episoade 2022),niciunul,fara restrictii
Raluca Moldoveanu,makeup artist (4 episoade 2022),none,none
Andrea Dardea Tesdall,artist cu efecte speciale de machiaj (3 episoade 2022),niciunul,fara restrictii
Nicoleta Toader,hair stylist: distributie (4 episoade 2022),niciuna,flexiterian
Natalie Fox,artist suplimentar de coafură și machiaj (2 episoade 2022),niciunul,flexiterian
Niki De Jong,artist de machiaj protetic (1 episod 2022),niciunul,vegetarian
Ionel Popa,artist cu efecte speciale de machiaj (1 episod 2022),none,none
Athina Sapanidis,artist de machiaj protetic (1 episod 2022),niciunul,vegetarian
Razvan Badea,unitate director productie/director productie (8 episoade 2022),niciuna,vegetarian
Irene Iovan Calangiu,director producție unitate sănătate și siguranță: covid (8 episoade 2022),none,none
Alexandru Cseh,manager producție: unitate a doua (8 episoade 2022),niciunul,fara restrictii
Emma Mallett,director de producție al unității: fotografie suplimentară (1 episod 2022),niciunul,flexiterian
Alexandru Acsinte,asistent regizor (8 episoade 2022),niciuna,vegetarian
Emilie Balusson,al doilea asistent de regie / al doilea asistent de regie (8 episoade 2022),niciunul,vegetarian
Bianca Bumbacea,asistent regizor (8 episoade 2022),niciuna,flexiterian
Simona Dinu,asistent regizor secund (8 episoade 2022),niciuna,fara restrictii
Mariana Grama,al doilea asistent de regie (8 episoade 2022),niciunul,vegetarian
Mircea Hategan,prim asistent regizor (8 episoade 2022),niciuna,flexiterian
Stefania Ispas,stagiar asistent regizor (8 episoade 2022),niciunul,fara restrictii
Loyzo,al treilea asistent de regie (8 episoade 2022),niciunul,flexiterian
Raphael Tudor,al treilea asistent regizor (8 episoade 2022),niciunul,fara restrictii
Costin Sforaru,asistent regizor (7 episoade 2022),niciuna,vegetarian
Sabina Balan,primul asistent regizor (6 episoade 2022),niciunul,flexiterian
Brett Chan,regizor al unității a doua (6 episoade 2022),niciunul,flexiterian
Ada Dumitru,asistent de distributie (6 episoade 2022),niciuna,flexiterian
Emyr Glyn Rees,al doilea asistent regizor / prim asistent regizor (6 episoade 2022),niciunul,flexiterian
Jessica Kirec,al doilea asistent regizor (4 episoade 2022),niciunul,fara restrictii
George Walker,primul asistent regizor (4 episoade 2022),niciunul,fara restrictii
Richard O'Brien-Moran,primul asistent regizor (2 episoade 2022),niciunul,flexiterian
Mihaela Ionita,asistent al doilea regizor (2 episoade 2022),niciuna,vegetarian
Alexandra Popa,mulțimea secundă asistent regizor (1 episod 2022),none,none
Alexandru Trandafira,asistent regizor crowd (2 episoade 2022),niciunul,fara restrictii
Sucioaia Alexandra,pictorita de decor (8 episoade 2022),niciuna,vegetarian
Tache Alexandru,designer grafic (8 episoade 2022),niciuna,vegetarian
Corneliu Mihai Bonciu,sculptor (8 episoade 2022),none,none
Rachel Garlick,artist de storyboard (8 episoade 2022),niciunul,flexiterian
Florin Gavrila,pictor principal vestimentar decor (8 episoade 2022),niciuna,fara restrictii
Adi Handac,proprietar de proprietate (8 episoade 2022),niciunul,flexiterian
Dana Ilie,manager departament artă (8 episoade 2022),niciunul,vegetarian
Alexandru Titus Ipate,supervizor vehicule de actiune (8 episoade 2022),niciuna,fara restrictii
Simona Maican,coordonator departament artă (8 episoade 2022),niciunul,fara restrictii
Cristian Mihaila,asistent decor / cumparator decor (8 episoade 2022),niciuna,flexiterian
Cosmin Miroiu,head of greenery (8 episoade 2022),none,none
Amalia Mititelu,pictorita de decoruri (8 episoade 2022),niciuna,fara restrictii
Pietro Nume,artist de concept (8 episoade 2022),niciunul,fara restrictii
Iulia Petrescu,asistent decor (8 episoade 2022),niciuna,flexiterian
Madalina Ripanu,coordonator clearance (8 episoade 2022),none,none
Geaniloni Sandru,pictor principal (8 episoade 2022),niciunul,vegetarian
Eusebiu Sirbu,designer grafic sef (8 episoade 2022),niciuna,flexiterian
Cristina Stefan,designer grafic (8 episoade 2022),niciuna,fara restrictii
Alexandra Tudor,asistent art director (8 episoade 2022),none,none
Laurentiu Zarnoianu,leadman (8 episoade 2022),none,none
Liviu Antonescu,designer grafic (6 episoade 2022),niciuna,vegetarian
Madalina Ciosu,scenografia (6 episoade 2022),niciuna,vegetarian
Tudor Iordachescu,scenografia (6 episoade 2022),niciuna,flexiterian
Anca Iscru,scenografia (6 episoade 2022),niciuna,fara restrictii
Ana Neag,asistent art director (6 episoade 2022),none,none
Iulia Pasarica,asistent art director (6 episoade 2022),none,none
Andreea Siminea,scenografia (6 episoade 2022),niciuna,fara restrictii
Amy Lockwood,asistent decorator (4 episoade 2022),niciunul,fara restrictii
Andrew Cherry,artist de storyboard (3 episoade 2022),niciunul,vegetarian
Cristian Darstar,storyboard artist (3 episoade 2022),none,none
Adrian Curelea,supervizor art director (2 episoade 2022),none,none
Serban Porupca,art director senior (2 episoade 2022),none,none
Radu Costache,asistent maestru imobiliar (1 episod 2022),niciuna,vegetarian
Jennifer Keen,cumpărător de decorațiuni pentru primul set (1 episod 2022),niciunul,vegetarian
Karen Krizanovich,cercetător în design de producție (1 episod 2022),niciunul,flexiterian
Ben Livingstone,ilustrator (1 episod 2022),niciunul,fara restrictii
Yohann Angelvy,mixer francez de casting (8 episoade 2022),niciunul,fara restrictii
Michael Baskerville,mixer de reînregistrare (8 episoade 2022),niciunul,fara restrictii
Nicolae Comarzan,mixer de sunet: unitate a doua (8 episoade 2022),niciunul,fara restrictii
Tony Diaz,adr mixer (8 episoade 2022),niciunul,vegetarian
Arturo A. Fuenmayor,asistent de mixare de reînregistrare / mixer suplimentar de reînregistrare (8 episoade 2022),niciunul,vegetarian
Alastair Gray,editor de dialog (8 episoade 2022),niciunul,vegetarian
Justin Helle,foley mixer (8 episoade 2022),niciunul,fara restrictii
John Loranger,supervizor editor de sunet (8 episoade 2022),niciunul,fara restrictii
Liviu Lupsa,sound mixer (8 episoade 2022),none,none
Kristi McIntyre,editor adr / editor de efecte sonore (8 episoade 2022),niciunul,flexiterian
Sean Miller,recordist adr (8 episoade 2022),niciunul,fara restrictii
Faustine Pelipel,asistent editor de sunet (8 episoade 2022),niciunul,vegetarian
Dan Sexton,editor de efecte sonore (8 episoade 2022),niciunul,fara restrictii
Alex Stylianou,recordist adr (8 episoade 2022),niciunul,vegetarian
Jamie Sulek,mixer de reînregistrare (8 episoade 2022),niciunul,fara restrictii
Mike Tehrani,mixer adr (8 episoade 2022),niciunul,fara restrictii
Marcus Byrne,mixer adr (7 episoade 2022),niciunul,flexiterian
Greg Crawford,mixer adr (7 episoade 2022),niciunul,fara restrictii
Juan Martin Del Campo,mixer adr (7 episoade 2022),niciunul,vegetarian
Tim McKeever,mixer adr (7 episoade 2022),niciunul,vegetarian
Simon Diggins,adr mixer (6 episoade 2022),niciunul,fara restrictii
Jonathan Gomez,mixer adr (4 episoade 2022),niciunul,fara restrictii
Nathan Jackson,editor Foley (1 episod 2022),niciunul,fara restrictii
William Kellerman,artist foley (1 episod 2022),niciunul,fara restrictii
Leslie Liu,adr mixer (2 episoade 2022),none,none
Ana Quiroga,coordonator audio (necreditat) (8 episoade 2022),niciunul,flexiterian
Dan Barcutean,tehnician efecte speciale (8 episoade 2022),niciunul,fara restrictii
Max Costello,tehnician efecte speciale (7 episoade 2022),niciunul,flexiterian
Florin Stoian,tehnician efecte speciale (8 episoade 2022),niciuna,vegetarian
Harry Troughton,coordonator efecte speciale (8 episoade 2022),niciunul,fara restrictii
Jason Troughton,supervizor efecte speciale (8 episoade 2022),niciunul,fara restrictii
Adrian Nica,tehnician principal (4 episoade 2022),niciunul,vegetarian
Ilinca Angelescu,machiaj cu efecte speciale (1 episod 2022),niciuna,fara restrictii
Yovko Dogandjiiski,supraveghetor efecte speciale (2 episoade 2022),niciunul,fara restrictii
Antonia Tocheva,coordonator birou efecte speciale (2 episoade 2022),niciuna,flexiterian
Matthew Adams,compozitor digital: Ghost VFX Toronto (8 episoade 2022),niciunul,vegetarian
Oana Bardan,coordonator efecte vizuale (8 episoade 2022),niciuna,fara restrictii
Craig Calvert,supraveghetor efecte vizuale: Mr. X (8 episoade 2022),niciunul,vegetarian
Kevin Chandoo,șef de studio: Ghost VFX Toronto (8 episoade 2022),niciunul,fara restrictii
Nick Colangelo,producător de efecte vizuale: Mr. X (8 episoade 2022),niciunul,vegetarian
John Coldrick,supraveghetor efecte vizuale: Rocket Science VFX (8 episoade 2022),niciunul,flexiterian
Sam Cole,principal: Mr. X (8 episoade 2022),niciunul,vegetarian
Chris Cooper,supraveghetor cg: Mr. X (8 episoade 2022),niciunul,flexiterian
Roger Dalupang,lead render wrangler/pipeline td (8 episoade 2022),niciunul,fara restrictii
Swedyl DSouza,director de producție de efecte vizuale (8 episoade 2022),niciunul,vegetarian
Maxime Ducharme,artist cu efecte vizuale: MELS (2 episoade 2022),niciunul,fara restrictii
Paula Fanaia,compozitor digital: Ghost VFX Toronto (8 episoade 2022),none,none
Mariah Fleetham,asistent de producție de efecte vizuale: Take 5 VFX (8 episoade 2022),niciunul,vegetarian
Kathryn Foster,editor de efecte vizuale: Ghost VFX Toronto (8 episoade 2022),niciunul,flexiterian
Ben Funk,compozitor principal: Take 5 VFX (8 episoade 2022),niciunul,flexiterian
Keith Goh,editor asistent pentru efecte vizuale: MPC (8 episoade 2022),niciunul,fara restrictii
Kari-Lyn Gravel,producător asociat de efecte vizuale: Stereo D (8 episoade 2022),niciunul,vegetarian
Jon Howard,producător de efecte vizuale: Ghost VFX Toronto (6 episoade 2022),niciunul,flexiterian
Kent Johnson,producător de efecte vizuale (8 episoade 2022),niciunul,fara restrictii
Anna Joukova,compozitor: Take 5 VFX / compozitor efecte vizuale: Take 5 VFX (8 episoade 2022),none,none
Jesse Kawzenuk,supraveghetor de efecte vizuale pe platoul de filmare (8 episoade 2022),niciunul,flexiterian
Grant Lee,supraveghetor efecte vizuale: Stereo D (8 episoade 2022),niciunul,fara restrictii
Jake Lunt Davies,concept design (8 episoade 2022),niciunul,flexiterian
Dumitrana Teodora Lupu,asistenta productie efecte vizuale (8 episoade 2022),niciuna,fara restrictii
Amy Madigan,director de producție de efecte vizuale: Stereo D (8 episoade 2022),niciunul,vegetarian
Yael Majors,supraveghetor asistent pentru efecte vizuale: Stereo D (3 episoade 2022),niciunul,flexiterian
Mariano Mendoza,conducerea activelor: Mr. X (8 episoade 2022),niciunul,fara restrictii
Guillermo Molina,dezvoltator principal de instrumente (8 episoade 2022),niciunul,fara restrictii
Skye Morandin,director de producție de efecte vizuale: Stereo D (8 episoade 2022),niciunul,flexiterian
Tom Nagy,supervizor animație: Mr. X (8 episoade 2022),niciunul,fara restrictii
Ken Nielsen,supervizor compoziție: Ghost VFX Toronto (8 episoade 2022),niciunul,vegetarian
Razvan Nineaca,data wrangler (8 episoade 2022),none,none
Anthony O'Connell,Render Wrangler (8 episoade 2022),niciunul,vegetarian
Catalin Otelea,data wrangler (8 episoade 2022),none,none
Matei Ovejan,data wrangler (8 episoade 2022),none,none
Alessandro Pantanella,supraveghetor efecte vizuale: Ghost VFX Toronto (8 episoade 2022),niciunul,vegetarian
Travis Pond,compozitor: Take 5 VFX (8 episoade 2022),none,none
Yawar Raja,principalul aspect: Mr. X (8 episoade 2022),niciunul,flexiterian
Aditya Sawant,coordonator efecte vizuale: Ghost VFX Toronto (8 episoade 2022),niciunul,fara restrictii
Matt Schofield,șef de operațiuni vfx (8 episoade 2022),niciunul,flexiterian
Ksenia Shutova,compozitor: Take 5 VFX (8 episoade 2022),none,none
Mark Simone,producător de efecte vizuale: Stereo D (8 episoade 2022),niciunul,vegetarian
Denis St-Pierre,compozitor: Take 5 VFX (8 episoade 2022),none,none
Ryan Terk,coordonator senior efecte vizuale / coordonator efecte vizuale: MELS (8 episoade 2022),niciunul,flexiterian
Jason Teske,lider: Mr. X (8 episoade 2022),niciunul,fara restrictii
Tom Turnbull,supraveghetor efecte vizuale (8 episoade 2022),niciunul,vegetarian
Fabi n Varela,producător de efecte vizuale: Ghost VFX Toronto (8 episoade 2022),niciunul,flexiterian
Kelly Weisz,manager de studio de efecte vizuale: Take 5 VFX (8 episoade 2022),niciunul,flexiterian
Angela Zhang,director de producție de efecte vizuale: Mr. X (8 episoade 2022),niciunul,fara restrictii
Kayden Anderson,producător de efecte vizuale: Rocket Science VFX (7 episoade 2022),niciunul,vegetarian
Eddie Englander,supraveghetor efecte vizuale: Monsters Aliens Robots Zombies (2 episoade 2022),niciunul,flexiterian
Rashid Khallouk,compoziție principală: Mr. X (6 episoade 2022),niciunul,flexiterian
Timothy Mah,editor de efecte vizuale: Rocket Science VFX (7 episoade 2022),niciunul,vegetarian
Michael Osuszek,coordonator efecte vizuale: Rocket Science VFX (7 episoade 2022),niciunul,vegetarian
Rodrigo Paiva,compoziție principală: Monsters Aliens Robots Zombies (1 episod 2022),niciunul,fara restrictii
Suresh Pandi,compozitor principal: Rocket Science VFX / compozitor: Rocket Science VFX (7 episoade 2022),niciunul,flexiterian
Francois Robert,matchmove/layout artist: MELS (3 episoade 2022),none,none
Adam Smith,compozitor principal: Rocket Science VFX (7 episoade 2022),niciunul,fara restrictii
Sarvesh Amre,director de producție de efecte vizuale: NetFX Mumbai (6 episoade 2022),niciunul,vegetarian
Beno t Bri re,supraveghetor efecte vizuale: MELS (6 episoade 2022),niciunul,vegetarian
Paul Chambers,supraveghetor de active: Monsters Aliens Robots Zombies (1 episod 2022),niciunul,fara restrictii
Dipak Gaur,compozitor digital: Ghost VFX Toronto (6 episoade 2022),niciunul,vegetarian
Taraknath Ghosh,artist de pictură: Stereo D (5 episoade 2022),niciunul,flexiterian
Baz Lanaris,supraveghetor cg: MELS (6 episoade 2022),niciunul,flexiterian
Prateek Mishra,artist de pictură: Stereo D (5 episoade 2022),niciunul,fara restrictii
Erin Nicholson,supraveghetor cg: Ghost VFX Toronto (6 episoade 2022),niciunul,fara restrictii
Bikram Singh,artist de pictură: Stereo D (5 episoade 2022),niciunul,vegetarian
Khushroo Surveyor,mai ușor de efecte vizuale: Rocket Science VFX (5 episoade 2022),niciunul,flexiterian
Ramesh Kumar Yanagandhula,artist de pictură: Stereo D (5 episoade 2022),niciunul,fara restrictii
Lynx Zuo,compozitor digital: Ghost VFX Toronto (6 episoade 2022),niciunul,flexiterian
Patti Gannon,compozitor: Take 5 VFX (4 episoade 2022),none,none
Tanya Haddad,producător de efecte vizuale: Folks VFX (5 episoade 2022),niciunul,fara restrictii
JoAnna Johnson,compozitor: Rocket Science VFX (4 episoade 2022),niciunul,vegetarian
Luca Lim Diniz,artist cu efecte vizuale: MELS (4 episoade 2022),niciunul,fara restrictii
Brodie McNeill,supraveghetor efecte vizuale: Folks VFX (5 episoade 2022),niciunul,flexiterian
Tabata Ortiz,artist de efecte vizuale: MELS (4 episoade 2022),niciunul,flexiterian
Nishant Patel,brichetă cu efecte vizuale: Rocket Science VFX (1 episod 2022),niciunul,fara restrictii
Umapathy Rajarathinam,compozitor: Rocket Science VFX (4 episoade 2022),niciunul,flexiterian
Genesis Rivas,compozitor: Take 5 VFX (4 episoade 2022),none,none
Manish Rohith,artist de compoziție: Monsters Aliens Robots Zombies (1 episod 2022),niciunul,flexiterian
Luca Gabriele Rossetti,pictor digital mat/supervizor de mediu: Monsters Aliens Robots Zombies (1 episod 2022),niciunul,flexiterian
Salil Thapa,producător de linii de efecte vizuale: NetFX Mumbai (5 episoade 2022),niciunul,fara restrictii
Fran ois Trudel,artist cu efecte vizuale: MELS / supraveghetor efecte vizuale: MELS (4 episoade 2022),niciunul,vegetarian
Wesley While,compozitor: Take 5 VFX (5 episoade 2022),none,none
Kaylie Whitcher,producător de efecte vizuale: Folks VFX (5 episoade 2022),niciunul,vegetarian
Sarah Wormsbecher,producător executiv de efecte vizuale: Folks VFX (5 episoade 2022),niciunul,fara restrictii
Summer Zong,supraveghetor cg: Folks VFX (5 episoade 2022),niciunul,flexiterian
Oksana Andrulis,manager producție efecte vizuale: Folks VFX / coordonator animație: Folks VFX (3 episoade 2022),niciunul,flexiterian
David Dionne,artist cu efecte vizuale: MELS (2 episoade 2022),niciunul,fara restrictii
Josh George,principal fx: Folks VFX (3 episoade 2022),niciunul,vegetarian
James Takashi Higuchi,supraveghetor lumini: Monsters Aliens Robots Zombies (1 episod 2022),niciunul,fara restrictii
Christopher Jude,compozitor: Rocket Science VFX (3 episoade 2022),niciunul,fara restrictii
Jos Lasa,compozitor: Rocket Science VFX / efecte vizuale lighter: Rocket Science VFX (3 episoade 2022),niciunul,fara restrictii
Marco Lee,supervizor compoziție: Folks VFX (3 episoade 2022),niciunul,vegetarian
Dinaaz Mathur,coordonator producție de efecte vizuale: NetFX Mumbai (4 episoade 2022),niciunul,vegetarian
Ben McDougal,conducător la suprafață: Monsters Aliens Robots Zombies (4 episoade 2022),niciunul,flexiterian
Sumit Mukherjee,supraveghetor de vopsire: NetFX Mumbai (4 episoade 2022),niciunul,vegetarian
Isha Nigam,șef de producție: NetFX Mumbai (4 episoade 2022),niciunul,fara restrictii
Ryan Jae Wook Park,supraveghetor aspect: Folks VFX (3 episoade 2022),niciunul,flexiterian
Gustavo Sanchez-Perez,supraveghetor fx: Monsters Aliens Robots Zombies (1 episod 2022),niciunul,flexiterian
Kyle Sim,șeful 2d: Folks VFX (4 episoade 2022),niciunul,flexiterian
Pankaj Umbarkar,vopsea junior: NetFX Mumbai (4 episoade 2022),niciunul,flexiterian
Sahil Agrahari,artist de pictură junior: NetFX Mumbai (2 episoade 2022),niciunul,flexiterian
Chris Archinet,artist cu efecte vizuale: MELS (2 episoade 2022),niciunul,fara restrictii
Ajay Kumar Attinti,principalul rol: NetFX Mumbai (3 episoade 2022),niciunul,flexiterian
Samuel Boisvert,artist cu efecte vizuale: MELS (2 episoade 2022),niciunul,fara restrictii
Reine Bourgault,artist cu efecte vizuale: MELS (2 episoade 2022),niciunul,vegetarian
Aakash Chaudhari,artist roto: NetFX Mumbai (2 episoade 2022),niciunul,fara restrictii
Dave David,artist de animație: Monsters Aliens Robots Zombies (1 episod 2022),niciunul,fara restrictii
Amod Diwakar,asistent producător de linii de efecte vizuale: Stereo D / producător de linie asistent de efecte vizuale: Stereo D (3 episoade 2022),niciunul,flexiterian
Nadine Fr ve,editor principal de efecte vizuale: Folks VFX / editor de efecte vizuale: Folks VFX (2 episoade 2022),niciunul,flexiterian
Mark Goldberg,compozitor (2 episoade 2022),niciunul,flexiterian
Leonardo Andres Grabau Villalba,artist cu efecte vizuale: MELS (2 episoade 2022),niciunul,vegetarian
Jonathan Gr goire,artist cu efecte vizuale: MELS (3 episoade 2022),niciunul,vegetarian
Jeanne Hebert,artist cu efecte vizuale: MELS (2 episoade 2022),niciunul,flexiterian
Pravin Hodage,supervizor 2d: NetFX Mumbai (2 episoade 2022),niciunul,flexiterian
Cory Humes,supervizor animație: Folks VFX (3 episoade 2022),niciunul,flexiterian
Siddarth Jambhulkar,compozitor: Rocket Science VFX (2 episoade 2022),niciunul,vegetarian
Mukesh Joshi,coordonator senior i/o: NetFX Mumbai (2 episoade 2022),niciunul,fara restrictii
Simon Lecavalier,supraveghetor cg: MELS (2 episoade 2022),niciunul,flexiterian
Christophe Longtin,artist cu efecte vizuale: MELS (2 episoade 2022),niciunul,flexiterian
Oleg Memukhin,supervizor fx: Folks VFX (3 episoade 2022),niciunul,fara restrictii
Waseem Mohammed,șeful producției centrale: Monsters Aliens Robots Zombies (2 episoade 2022),niciunul,flexiterian
Dany Richard,artist cu efecte vizuale: MELS (2 episoade 2022),niciunul,flexiterian
Nisarg Suthar,supraveghetor iluminat: Folks VFX (3 episoade 2022),niciunul,vegetarian
Nitesh Sutrave,supervizor compoziție: NetFX Mumbai (3 episoade 2022),niciunul,flexiterian
Sarvesh Talekar,artist roto: NetFX Mumbai (2 episoade 2022),niciunul,flexiterian
Himani Tyagi,artist de pictură junior: NetFX Mumbai (2 episoade 2022),niciunul,fara restrictii
Waseem Ahmad Khan,artist de pictură: Stereo D (1 episod 2022),niciunul,flexiterian
Rodrigo Albano,artist de mediu: Monsters Aliens Robots Zombies (1 episod 2022),niciunul,flexiterian
Don Carlo Alvir,artist de animație: Monsters Aliens Robots Zombies (1 episod 2022),niciunul,vegetarian
Leanndro Amorim,artist de compoziție: Monsters Aliens Robots Zombies (1 episod 2022),niciunul,vegetarian
Seshadri Anand,coordonator de urmărire/aspect: Monsters Aliens Robots Zombies (1 episod 2022),niciunul,vegetarian
Blake Anderson,supraveghetor efecte vizuale: VFX Legion (1 episod 2022),niciunul,vegetarian
Schuyler Anderson,principalul de urmărire/aspect: Monsters Aliens Robots Zombies (1 episod 2022),niciunul,vegetarian
Edwin Arismendez,artist cu efecte vizuale: MELS (2 episoade 2022),niciunul,flexiterian
Jessica Bayliss,șef de producție: Monsters Aliens Robots Zombies (2 episoade 2022),niciunul,fara restrictii
Sudhakar Bhavanasi,manager adjunct: Stereo D (1 episod 2022),niciunul,vegetarian
Alan Bisht,artist de compoziție: NetFX Mumbai (1 episod 2022),niciunul,vegetarian
William Blanchette,artist cu efecte vizuale: MELS (1 episod 2022),niciunul,flexiterian
Jordan Boulais,artist cu efecte vizuale: MELS (2 episoade 2022),niciunul,flexiterian
J. Alan Bradshaw,șeful cg: Monsters Aliens Robots Zombies (2 episoade 2022),niciunul,vegetarian
Peter Braeley,pictor digital mat: Folks VFX (1 episod 2022),niciunul,vegetarian
Charlotte Breton,editor de efecte vizuale: Folks VFX (1 episod 2022),niciunul,fara restrictii
Alex Bronfman,lider de vânzări: Monsters Aliens Robots Zombies (2 episoade 2022),niciunul,flexiterian
Jonathan Bronfman,șef de studio: Monsters Aliens Robots Zombies (2 episoade 2022),niciunul,vegetarian
Dennis Chan,artist de animație: Monsters Aliens Robots Zombies (1 episod 2022),niciunul,fara restrictii
Hardik Chauhan,compozitor senior: NetFX Mumbai (1 episod 2022),niciunul,vegetarian
Molly Chen,artist de active: Monsters Aliens Robots Zombies (1 episod 2022),niciunul,fara restrictii
Sujesh V. Chitty,artist de concept: Folks VFX (1 episod 2022),niciunul,flexiterian
Nolan Conrad,compozitor digital: VFX Legion (1 episod 2022),niciunul,vegetarian
Andr s Couturier,artist grafic: VFX Legion (1 episod 2022),niciunul,vegetarian
Madhu Dasyapu,asistent supervisor roto: Stereo D (1 episod 2022),niciunul,flexiterian
Rodrigo de Angelis,artist fx: Monsters Aliens Robots Zombies (1 episod 2022),niciunul,vegetarian
Sofia Diaz,artist de iluminat: Monsters Aliens Robots Zombies (1 episod 2022),niciunul,flexiterian
Maya Dumont-Deslandes,manager de studio de efecte vizuale: MELS (1 episod 2022),niciunul,vegetarian
Abdullah Ecirli,artist de compoziție: Monsters Aliens Robots Zombies (1 episod 2022),niciunul,vegetarian
Manoj Kumar Elangovan,artist de urmărire și aspect: Monsters Aliens Robots Zombies (1 episod 2022),niciunul,fara restrictii
Michael Enzbrunner,animație principală: Monsters Aliens Robots Zombies (1 episod 2022),niciunul,flexiterian
Timothy Fleur,creatură artist: Monsters Aliens Robots Zombies (1 episod 2022),niciunul,flexiterian
Adam Fok,conducerea trucajului: Monsters Aliens Robots Zombies (1 episod 2022),niciunul,fara restrictii
Gil Franco,artist de active: Monsters Aliens Robots Zombies (1 episod 2022),niciunul,vegetarian
Emily Funk,artist de active: Monsters Aliens Robots Zombies (1 episod 2022),niciunul,fara restrictii
Antonio Gallardo,producător de efecte vizuale: VFX Legion (1 episod 2022),niciunul,vegetarian
Gregory Galliani,principal model: Monsters Aliens Robots Zombies (1 episod 2022),niciunul,vegetarian
Igor Garanovschii,pictor mat: Rocket Science VFX (1 episod 2022),niciunul,fara restrictii
Kunal Ghai,artist de pictură: Stereo D (1 episod 2022),niciunul,vegetarian
Rakan Ghresi,artist fx: Monsters Aliens Robots Zombies (1 episod 2022),niciunul,flexiterian
Jimmy Gill,artist de animație: Monsters Aliens Robots Zombies (1 episod 2022),niciunul,vegetarian
Yash Gowda,șeful 2d: Monsters Aliens Robots Zombies (2 episoade 2022),niciunul,vegetarian
Jameer Haider,artist de pictură: NetFX Mumbai (1 episod 2022),niciunul,flexiterian
Lewis Hawkes,lider trucaj: Monsters Aliens Robots Zombies (1 episod 2022),niciunul,flexiterian
Jim Hillin,brichetă cu efecte vizuale Ghost VFX Toronto (1 episod 2022),niciunul,fara restrictii
Curtis Hsiung,animator: Rocket Science VFX (2 episoade 2022),niciunul,vegetarian
Chen Kuang Hsu,artist de urmărire și aspect: Monsters Aliens Robots Zombies (1 episod 2022),niciunul,vegetarian
Salvatore Iamonte,artist trucaj: Monsters Aliens Robots Zombies (1 episod 2022),niciunul,vegetarian
Pragati Jana,artist de vopsea: Stereo D (1 episod 2022),none,none
Juyong Jeon,artist cu efecte vizuale (2 episoade 2022),niciunul,flexiterian
Kenny Jia,pictor digital mat principal: Monsters Aliens Robots Zombies (1 episod 2022),niciunul,fara restrictii
Laszlo Kalbache,artist activ: Rocket Science VFX (1 episod 2022),niciunul,flexiterian
Ashraf Karim,compozitor senior: NetFX Mumbai (1 episod 2022),niciunul,fara restrictii
Sharad Kate,artist de pictură: Stereo D (1 episod 2022),niciunul,vegetarian
Min Kim,supervizor compoziție: Folks VFX (2 episoade 2022),niciunul,fara restrictii
Jamie Knoop,asistent de producție de efecte vizuale: Stereo D (1 episod 2022),niciunul,flexiterian
Ashwini Lad,administrator efecte vizuale: Stereo D (1 episod 2022),niciunul,fara restrictii
Nadege Lagueux-Beloin,artist cu efecte vizuale: MELS (1 episod 2022),niciunul,flexiterian
Tukaram Landbale,artist roto: NetFX Mumbai (1 episod 2022),niciunul,fara restrictii
Dany Lebrasseur,artist cu efecte vizuale: MELS (1 episod 2022),niciunul,fara restrictii
Kate TC Lin,compozitor digital: VFX Legion (1 episod 2022),niciunul,vegetarian
Matthias Lowry,compozitor digital: VFX Legion (1 episod 2022),niciunul,flexiterian
Jimmy Lue,coordonator efecte vizuale: Folks VFX (1 episod 2022),niciunul,fara restrictii
Jim Maxwell,pictor mat: Take 5 VFX (2 episoade 2022),niciunul,vegetarian
Jay Mehta,artist de vopsea: NetFX Mumbai (1 episod 2022),niciunul,vegetarian
Kristine Middlemiss,șef de tehnologie: Monsters Aliens Robots Zombies (2 episoade 2022),niciunul,fara restrictii
Ali Mio,producător de efecte vizuale: Rocket Science VFX (2 episoade 2022),niciunul,flexiterian
Guto Miranda,artist de compoziție: Monsters Aliens Robots Zombies (1 episod 2022),niciunul,fara restrictii
Vashishta Mohit,artist de compoziție: NetFX Mumbai (1 episod 2022),niciunul,fara restrictii
Lon Molnar,șef de studio: Monsters Aliens Robots Zombies (2 episoade 2022),niciunul,flexiterian
Jose Ignacio Narv ez Monroy,compoziție principală: Mr. X (2 episoade 2022),niciunul,fara restrictii
Atyeb Muneer,artist de compoziție: Monsters Aliens Robots Zombies (1 episod 2022),niciunul,flexiterian
Ganesh Ramdas Nalle,artist roto senior: NetFX Mumbai (1 episod 2022),niciunul,vegetarian
Michael Naphan,artist de aspect: Rocket Science VFX (1 episod 2022),niciunul,fara restrictii
Marla Oriol,artist de iluminat: Monsters Aliens Robots Zombies (1 episod 2022),niciunul,fara restrictii
Daksh Pandya,artist cu efecte vizuale (2 episoade 2022),niciunul,flexiterian
Niki Patterson,tehnician de date: Stereo D (1 episod 2022),niciunul,fara restrictii
Aravind Pauldurai,artist de compoziție: Monsters Aliens Robots Zombies (1 episod 2022),niciunul,vegetarian
Victor Perez,artist de animație: Monsters Aliens Robots Zombies (1 episod 2022),niciunul,vegetarian
Navin Pinto,artist trucaj: Monsters Aliens Robots Zombies (1 episod 2022),niciunul,fara restrictii
Norman Ran,lider fx: Rocket Science VFX (1 episod 2022),niciunul,flexiterian
Parastu Rezaie,principal lumini: Monsters Aliens Robots Zombies (1 episod 2022),none,none
Jean-Christophe Rodier,artist trucaj: Monsters Aliens Robots Zombies (1 episod 2022),niciunul,fara restrictii
Dmitry Ryabchuk,lider de mediu: Monsters Aliens Robots Zombies (1 episod 2022),niciunul,fara restrictii
Maryam Salehi,i/o: MELS (1 episod 2022),niciunul,vegetarian
Rajvinder Sandhu,artist de iluminat: Monsters Aliens Robots Zombies (1 episod 2022),niciunul,fara restrictii
Eric Sanford,principalul creatură: Monsters Aliens Robots Zombies (1 episod 2022),niciunul,fara restrictii
Rohan Sapkal,artist roto junior: NetFX Mumbai (1 episod 2022),niciunul,fara restrictii
Alexandre Savard-Boisvert,compozitor digital (1 episod 2022),niciuna,flexiterian
Mark Schreiber,animator (1 episod 2022),niciunul,vegetarian
Aryan Sehgal,compozitor utilitar (1 episod 2022),niciunul,flexiterian
Ronak Shah,fx lead: Monsters Aliens Robots Zombies (1 episod 2022),niciunul,vegetarian
Neelima Sharma,compozitor: NetFX Mumbai (1 episod 2022),niciunul,vegetarian
Vishal Shitole,coordonator i/o: NetFX Mumbai (1 episod 2022),niciunul,fara restrictii
Casey Sincic,producător de efecte vizuale: Monsters Aliens Robots Zombies (2 episoade 2022),niciunul,flexiterian
Lovelesh Singh,artist de compoziție: NetFX Mumbai (1 episod 2022),niciunul,vegetarian
Kalpana Mahapatro Siromani,art director & mattepainting lead (1 episod 2022),none,none
Joseph Soloway,coordonator efecte vizuale: VFX Legion (1 episod 2022),niciunul,fara restrictii
Meredith Sproul,coordonator spectacol: Monsters Aliens Robots Zombies (1 episod 2022),niciunul,fara restrictii
Danny Testani,artist de animație: Monsters Aliens Robots Zombies (1 episod 2022),niciunul,flexiterian
Ali Thaheem,artist creatură: Monsters Aliens Robots Zombies (1 episod 2022),niciunul,fara restrictii
Hyacinthe Thomas,i/o: MELS (1 episod 2022),niciunul,flexiterian
Phillip Thomas,artist de animație: Monsters Aliens Robots Zombies (1 episod 2022),niciunul,vegetarian
Susana Vasquez,coordonator producție de efecte vizuale: Take 5 VFX (2 episoade 2022),none,none
Marcus Vinicius,i/o: MELS (1 episod 2022),none,none
Louis Vottero,pionier: Monsters Aliens Robots Zombies (1 episod 2022),niciunul,fara restrictii
Tina Vuu,coordonator efecte vizuale: VFX Legion (1 episod 2022),niciunul,flexiterian
Tanja Wax,artist fx: Rocket Science VFX (1 episod 2022),niciunul,fara restrictii
Christina Wise,șef de studio: MELS (1 episod 2022),niciunul,flexiterian
Jill Wu,pictor digital mat: Monsters Aliens Robots Zombies (1 episod 2022),niciunul,fara restrictii
Alphonso Young,pictor mat: Take 5 VFX (2 episoade 2022),niciunul,vegetarian
Refo Yovarda,asistent de producție de efecte vizuale: Stereo D (1 episod 2022),niciunul,fara restrictii
Virpalsinh Zala,artist de compoziție: Monsters Aliens Robots Zombies (1 episod 2022),niciunul,flexiterian
Abin Abraham,lider de active: MPC (necreditat) (8 episoade 2022),niciunul,flexiterian
Adrian Bobb,artist creatură (necreditat) (8 episoade 2022),niciunul,fara restrictii
Eddie Bonin,director de efecte vizuale: Netflix (necreditat) (8 episoade 2022),niciunul,flexiterian
R mi Bruschini,pipeline td (necreditat) (8 episoade 2022),none,none
Binod Kumar Das,supraveghetor de active: MPC (necreditat) (8 episoade 2022),niciunul,fara restrictii
Tiago Foa,inginer imagistic: Mr. X (necreditat) (8 episoade 2022),niciunul,fara restrictii
Jaime Fok,director editorial efecte vizuale (necreditat) (8 episoade 2022),niciunul,vegetarian
JP Giamos,șeful producției: Rocket Science VFX (necreditat) (8 episoade 2022),niciunul,fara restrictii
Martin Hesselink,supraveghetor animație (necreditat) (8 episoade 2022),niciunul,flexiterian
Rushikesh Chandrashekhar Kamble,pictor digital mat 3d (necreditat) (8 episoade 2022),niciunul,fara restrictii
Daniel May,regie artistică efecte vizuale (necreditat) (8 episoade 2022),niciunul,flexiterian
Rachad Meya,supraveghetor iluminat (necreditat) (8 episoade 2022),niciunul,flexiterian
Shoupal Panda,texture & lookdev artist (necreditat) (8 episoade 2022),niciunul,fara restrictii
Josephin Peichl,coordonator efecte vizuale: Netflix (necreditat) (8 episoade 2022),niciunul,vegetarian
Rakesh,pictor mată digital 3d (necreditat) (8 episoade 2022),niciunul,vegetarian
Kim Rampaul,coordonator efecte vizuale: Netflix (necreditat) (8 episoade 2022),niciunul,fara restrictii
Saha Saikat,artist de texturi și lookdev (necreditat) (7 episoade 2022),niciunul,vegetarian
Seema Schere,pictor mat: Monsters Aliens Robots Zombies (necreditat) (8 episoade 2022),niciunul,fara restrictii
Surajit Senapati,artist 3d (necreditat) (8 episoade 2022),niciunul,vegetarian
Satyendra Sharma,compozitor: MPC (necreditat) (8 episoade 2022),niciunul,flexiterian
Prathamesh Ashok Waykole,artist activ: MPC (necreditat) (8 episoade 2022),niciunul,fara restrictii
Dean Wright,director de efecte vizuale: MGM Television (necreditat) (8 episoade 2022),niciunul,fara restrictii
Dylan Botnarenko,pictor digital mat: MPC (necreditat) (6 episoade 2022),niciunul,fara restrictii
Arjun Jasmeet Chawla,compozitor digital: MPC (necreditat) (5 episoade 2022),niciunul,vegetarian
Dennis Tae Wook Kim,compozitor digital (necreditat) (5 episoade 2022),niciunul,vegetarian
Hoss Ghaith,supraveghetor cg (necreditat) (3 episoade 2022),niciunul,flexiterian
Solyi Ha,compozitor: Folks VFX (necreditat) (4 episoade 2022),niciunul,flexiterian
Caylee Han,compozitor: Folks VFX (necreditat) (4 episoade 2022),niciunul,vegetarian
Krista Wettlaufer,artist digital (necreditat) (3 episoade 2022),niciunul,vegetarian
Christopher Lee Zammit,artist de concept (necreditat) (4 episoade 2022),niciunul,fara restrictii
Felipe Baldo,artist de iluminat: Folks VFX (necreditat) (3 episoade 2022),niciunul,flexiterian
Marc-Antoine Blais,compozitor digital (necreditat) (2 episoade 2022),niciunul,flexiterian
Adrien Francomme,compozitor digital (necreditat) (2 episoade 2022),niciunul,vegetarian
Eduardo Gon alves,compozitor digital: Monsters Aliens Robots Zombies (necreditat) (2 episoade 2022),niciunul,fara restrictii
Alexander Greenberg,compozitor senior: Monsters Aliens Robots Zombies (necreditat) (2 episoade 2022),niciunul,fara restrictii
Prashant Jain,pictor digital mat 3d (necreditat) (3 episoade 2022),niciunul,vegetarian
Hossein Karamian,compozitor: Monsters Aliens Robots Zombies (necreditat) (2 episoade 2022),niciunul,fara restrictii
Giuseppe Motta,supraveghetor creatură (necreditat) (3 episoade 2022),niciunul,flexiterian
Chokkarapu Sai Pradeep,artist de iluminat cu efecte vizuale (necreditat) (2 episoade 2022),niciunul,flexiterian
Pedro Roloff,compozitor digital (necreditat) (2 episoade 2022),niciunul,fara restrictii
Ilija Sazdovski,artist de aspect (necreditat) (3 episoade 2022),niciunul,fara restrictii
Jason Schick,compozitor digital (necreditat) (2 episoade 2022),niciunul,flexiterian
Christa Tazzeo,producător executiv de efecte vizuale: Rocket Science VFX (necreditat) (3 episoade 2022),niciunul,flexiterian
Sekh Batul Ali,artist de efecte vizuale (necreditat) (1 episod 2022),niciunul,fara restrictii
Luca Buonopane,artist cheie: MPC (necreditat) (1 episod 2022),niciunul,fara restrictii
Julian Fadalti,artist de aspect (necreditat) (1 episod 2022),niciunul,flexiterian
Nitin Garg,artist senior lookdev: Folks VFX (necreditat) (1 episod 2022),niciunul,fara restrictii
Avinash Kodali,artist de iluminat (necreditat) (1 episod 2022),niciunul,vegetarian
Genevieve Morneau,compozitor digital: MELS (necreditat) (1 episod 2022),none,none
Alex Park,artist matchmove: Folks VFX (necreditat) (1 episod 2022),niciunul,flexiterian
Evan Roberts,artist de iluminat (necreditat) (1 episod 2022),niciunul,flexiterian
Pavankumar Sagiraju,artist de iluminat (necreditat) (1 episod 2022),niciunul,flexiterian
Yulia Segura,compozitor: Folks VFX (necreditat) (1 episod 2022),none,none
Amarjit Singha,artist 3d (necreditat) (1 episod 2022),niciunul,fara restrictii
Brett Chan,coordonator cascadorii (8 episoade 2022),niciunul,flexiterian
Ionut Cotruta,stunt rigger (8 episoade 2022),none,none
Jason Ng,asistent coordonator cascadorii / coordonator cascadorii de acoperire (8 episoade 2022),niciunul,fara restrictii
Jenny Umbhau,dubla cascadorie: Jenna Ortega (8 episoade 2022),niciunul,fara restrictii
Fanel Ursu,cascador (8 episoade 2022),niciunul,fara restrictii
Andrei Vintileanu,stunt rigger (8 episoade 2022),none,none
Daniel Visan,cascadorii (8 episoade 2022),niciunul,vegetarian
Nailah Johnson,dublă cascadorie: Joy Sunday / cascadorie (2 episoade 2022),niciunul,vegetarian
Kinga Kives,cascador (3 episoade 2022),niciunul,vegetarian
Alexandre Lopoka,dublu cascador: Tommie Earl Jenkins (2 episoade 2022),niciunul,flexiterian
Milena Brewster,dubla cascadorie: Johnna Dias-Watson (1 episod 2022),niciunul,vegetarian
Maxime Coulon,dublu cascador: Calum Ross (1 episod 2022),niciunul,flexiterian
Gabrielle Anne Desy,dubla cascadorie: Emma Myers (1 episod 2022),niciunul,vegetarian
Victoria Goodman,cascador (1 episod 2022),niciunul,vegetarian
Daniel Himschoot,dublu cascador: Percy White (1 episod 2022),niciunul,flexiterian
Matt Kennedy,cascador (1 episod 2022),niciunul,vegetarian
Kaanchana Kerr,cascador (2 episoade 2022),niciunul,flexiterian
Darlene Pineda,cascador (1 episod 2022),niciunul,flexiterian
Phedra Syndelle,dublă cascadorie: Joy Sunday (1 episod 2022),niciunul,vegetarian
Alexandra Vilcsek,cascadoră (1 episod 2022),niciunul,vegetarian
Don t B nkuti,tehnician de imagistică digitală: a doua unitate (8 episoade 2022),niciunul,flexiterian
Vlad Cioplea,fotograf (8 episoade 2022),niciuna,vegetarian
David Dorohoianu,asistent secund fotografie (8 episoade 2022),niciuna,flexiterian
Omar Dughouz,"a doua cameră asistentă: camera ""a"" (8 episoade 2022)",niciunul,flexiterian
D niel Farkas,tehnician de imagistică digitală (8 episoade 2022),niciunul,fara restrictii
Robert Fenichiu,electrician/tehnician iluminat (8 episoade 2022),niciuna,vegetarian
Cristi Fratoaica,a doua asistenta camera: a doua unitate (8 episoade 2022),niciuna,vegetarian
Toni Ilinca,operator video (8 episoade 2022),niciuna,fara restrictii
Ochiana Ionut,operator asistent video (8 episoade 2022),niciuna,fara restrictii
Andrei Karastanef,"asistent camera: camera ""a"" (8 episoade 2022)",none,none
Brad Larner,"primul asistent camera: camera ""a"" (8 episoade 2022)",none,none
Tudor Lucaciu,director de fotografie: unitate a doua (8 episoade 2022),niciunul,flexiterian
Radu Marinescu,key grip (8 episoade 2022),none,none
Florin Mihalache,gaffer (8 episoade 2022),none,none
Mihai Adrian Olteanu,best boy electric (8 episoade 2022),none,none
Andrei Petrescu,electrician (8 episoade 2022),niciuna,fara restrictii
Liviu Pojoni Jr.,"operator camera: camera ""b"" (8 episoade 2022)",none,none
Florea Andrei Stefan,operator dimmerboard/programator consola iluminat (8 episoade 2022),niciuna,flexiterian
Viorel Stefan,operator de macara (8 episoade 2022),niciuna,fara restrictii
Adelina Vancea,camera trainee (8 episoade 2022),none,none
Petre Victor,"operator camera: camera ""b"" (8 episoade 2022)",none,none
Rob Arrowsmith,"operator de cameră: ""a"" unitate principală de operator de cameră/cameră stabilă (4 episoade 2022)",niciunul,flexiterian
Andrei Cretan,"prim asistent camera: camera ""b"" (4 episoade 2022)",none,none
Fabrizio Sciarra,"operator de cameră: ""a"" unitate principală de operator de cameră/cameră stabilă (4 episoade 2022)",niciunul,vegetarian
Boroka Biro,director de fotografie: epk (2 episoade 2022),niciunul,flexiterian
Valdas Gulbinauskas,asistent video: fotografie suplimentară (2 episoade 2022),niciunul,vegetarian
Matei Popa,a doua asistenta camera: a doua unitate (2 episoade 2022),none,none
S ndor rkus,tehnician de gestionare a datelor (2 episoade 2022),niciunul,vegetarian
Cornel Biciu,gaffer subacvatic (1 episod 2022),niciuna,vegetarian
Neil Bradley,tehnician ronin 2: fotografie suplimentară (1 episod 2022),niciunul,fara restrictii
Alexandru Durac,"operator camera: ""a"" operator camera/steadicam (1 episod 2022)",none,none
Sarbu Gigi,key grip: a doua unitate (1 episod 2022),none,none
Ben Parish,camera asistent subacvatic (1 episod 2022),niciunul,flexiterian
Aurelian Radu,grip (2 episoade 2022),none,none
Ian Seabrook,director de fotografie subacvatică (1 episod 2022),niciunul,vegetarian
Constantin Stan,a doua unitate (1 episod 2022),none,none
Alexandru Bogdan Stefan,tehnician macara (2 episoade 2022),niciuna,vegetarian
Bal zs V rszegi,tehnician managementul datelor (2 episoade 2022),niciuna,fara restrictii
Jens Winkler,camera asistent subacvatic (1 episod 2022),niciunul,vegetarian
Catalin Popa,asistent fotografie (necreditat) (8 episoade 2022),niciuna,flexiterian
Peter Driscoll,animator cheie (1 episod 2022),niciunul,vegetarian
Whitney Strouth,animator (necreditat) (1 episod 2022),niciunul,fara restrictii
Emily Bohbrink,asociat de casting (8 episoade 2022),niciunul,fara restrictii
Sin ad Donnelly,asistent de casting: Jenna Ortega (8 episoade 2022),niciunul,fara restrictii
Radu Dragoi,asistent de casting (8 episoade 2022),niciuna,vegetarian
Frankie Fearis,asistent de casting (8 episoade 2022),niciunul,flexiterian
Olissa Rogers,asociat de casting: Jenna Ortega (8 episoade 2022),niciunul,vegetarian
Chandra Ruegg,asociat de casting (8 episoade 2022),niciunul,vegetarian
Fiona Weir,distribuție: Jenna Ortega (8 episoade 2022),niciunul,fara restrictii
Sarah Wilson,asociat de casting (8 episoade 2022),niciunul,flexiterian
Maddalena Zuppetta,asistent de casting (8 episoade 2022),niciunul,vegetarian
George Ludlow,asociat de casting (3 episoade 2022),niciunul,flexiterian
Ioana Albaiu,supraveghetor de garderobă (8 episoade 2022),niciunul,fara restrictii
Madalina Anton,breakdown artist (8 episoade 2022),none,none
Mattia Bionda,costumier principal (8 episoade 2022),niciunul,flexiterian
Mariana Bujoi,costumer (8 episoade 2022),none,none
Maria Ciucanu,amanta de garderoba (8 episoade 2022),niciuna,flexiterian
Ylenia Comerci,croitoreasa principala (8 episoade 2022),niciuna,vegetarian
Lavinia Dedu,costumar de decor (8 episoade 2022),niciuna,flexiterian
Constantinescu Denisa,asistent garderoba (8 episoade 2022),niciuna,fara restrictii
Andreea Dinu,principal standby (8 episoade 2022),none,none
Maria Endara,creatoare de costume senior (8 episoade 2022),niciuna,vegetarian
Cristina Ghergheli,costumar de decor (8 episoade 2022),niciuna,fara restrictii
Megan Howell,producător de costume senior (8 episoade 2022),niciunul,fara restrictii
Daniela Ilin,costumar de decor (8 episoade 2022),niciuna,vegetarian
Benjamin Ip,artist concept costum (8 episoade 2022),niciunul,flexiterian
Ana Lazar,asistent de garderobă (8 episoade 2022),niciunul,vegetarian
Paula Lazaroni,artist de depanare (8 episoade 2022),niciunul,vegetarian
Twan Lentjes,principal producător de costume (8 episoade 2022),niciunul,flexiterian
Ioana Mihailescu,asistent de garderoba / client stand-by crowd / client stand-by crowd (8 episoade 2022),none,none
Alessio O'Driscoll,costumier principal (8 episoade 2022),niciunul,flexiterian
Ioana Somanescu,principal standby (8 episoade 2022),none,none
Bobby Soutar,asistent designer de costume (8 episoade 2022),niciunul,fara restrictii
Mark Sutherland,co-designer de costume (8 episoade 2022),niciunul,flexiterian
Beth Tilley,producător de costume senior (8 episoade 2022),niciunul,fara restrictii
Jess Willcock-Stow,designer de costume asistent junior / designer de costume asistent junior (8 episoade 2022),niciunul,vegetarian
Elizabeta Zainea,asistenta garderoba (8 episoade 2022),niciuna,fara restrictii
Marta Airoli,croitoreasă principală (5 episoade 2022),niciunul,vegetarian
Ian Frazer Wallace,cutter principal (5 episoade 2022),niciunul,flexiterian
Adina Bucur,costume supervisor (4 episoade 2022),none,none
Claudia Littlefield,supraveghetor costum (3 episoade 2022),niciunul,fara restrictii
Alina Caprian,client suplimentar (1 episod 2022),niciunul,flexiterian
Madison D'Urbano,asistent post-producție: Marc Graue Recording Studios (8 episoade 2022),niciunul,fara restrictii
Bogdan Geambasu,operator cotidiene (8 episoade 2022),niciuna,vegetarian
Katherine Hul,supervizor post-producție (8 episoade 2022),niciunul,vegetarian
Razvan Ilinca,asistent editor (8 episoade 2022),niciuna,fara restrictii
Tom Mayclim,manager de date: Compania 3 (8 episoade 2022),niciunul,vegetarian
Ian Passy,Color Assistant (8 episoade 2022),niciunul,fara restrictii
Sebastian Plamadeala,supervizor cotidian (8 episoade 2022),niciuna,fara restrictii
Carmen Rizac,coordonator cotidiene (8 episoade 2022),niciuna,fara restrictii
Joanne Rourke,colorist senior (7 episoade 2022),niciunul,flexiterian
Alexandru Stoica,operator cotidiene (8 episoade 2022),niciuna,flexiterian
Ian Sullivan,contabil de finisare (8 episoade 2022),niciunul,vegetarian
Lavinia Terletchi,asistent editor (8 episoade 2022),niciuna,fara restrictii
Viktorija Tupikaite,operator de date i/o (8 episoade 2022),niciunul,flexiterian
Motassem Younes,editor on-line (8 episoade 2022),niciunul,vegetarian
Galina Chakarova,prim asistent editor (4 episoade 2022),niciuna,vegetarian
Mihai Cosmin Popa,prim asistent redactor (4 episoade 2022),niciuna,flexiterian
Paul G. Day,editor suplimentar (1 episod 2022),niciunul,flexiterian
Cristi Dogaru,asistent manager locație (8 episoade 2022),niciunul,fara restrictii
Calin Hagima,manager de locație (8 episoade 2022),niciunul,vegetarian
Tracey Savein,cercetător de locație (8 episoade 2022),niciunul,fara restrictii
Alex Molea,manager de locație supervizare (4 episoade 2022),niciunul,fara restrictii
Mircea Paraschiv,location manager (4 episoade 2022),none,none
Florin Patrascu,asistent manager locatie (4 episoade 2022),niciuna,flexiterian
Chris Bacon,compozitor: muzică suplimentară (8 episoade 2022),niciunul,vegetarian
Sarah Chapeck,coordonator muzical (8 episoade 2022),niciunul,flexiterian
Norbert Elek,pregătire muzicală (8 episoade 2022),niciunul,vegetarian
Danny Elfman,compozitor de muzică tematică (8 episoade 2022),niciunul,vegetarian
Peter Kohrman,inginer tehnic de partitură (8 episoade 2022),niciunul,flexiterian
Jen Malone,supraveghetor muzical (8 episoade 2022),niciunul,vegetarian
Mandy Mamlet,director muzical (8 episoade 2022),niciunul,fara restrictii
lveti M ty s,violoncel solo de (8 episoade 2022),none,none
Michael T. Ryan,editor muzical (8 episoade 2022),niciunul,flexiterian
B lint Sapszon,contractant pentru Budapest Scoring (8 episoade 2022),niciunul,fara restrictii
Viktor Szab,inginer de înregistrare (8 episoade 2022),niciunul,fara restrictii
Nicole Weisberg,supraveghetor muzical (8 episoade 2022),niciunul,fara restrictii
Shachar Boussani,asistent mix de partituri (6 episoade 2022),niciunul,flexiterian
Robert Litton,orchestrator (6 episoade 2022),niciunul,fara restrictii
Noah Scot Snyder,mixer muzical (6 episoade 2022),niciunul,flexiterian
Esin Aydingoz,aranjator (3 episoade 2022),niciunul,fara restrictii
Hemanth965,orchestrator: tema melodie (3 episoade 2022),niciunul,fara restrictii
Steve Bartek,orchestrator (2 episoade 2022),niciunul,vegetarian
Bence Bob k,inginer de scor (2 episoade 2022),niciunul,fara restrictii
David G. Russell,conform (2 episoade 2022),niciunul,fara restrictii
Greg Hayes,mixer muzical (1 episod 2022),niciunul,vegetarian
Bri Holland,cântăreață (1 episod 2022),niciunul,vegetarian
Alfredo Pasquel,asistent de mixare a partiturii (1 episod 2022),niciunul,vegetarian
Cristina Blea,asistent supervizor scenariu (8 episoade 2022),niciunul,fara restrictii
Monica Tatu,supervizor scenariu (8 episoade 2022),niciunul,flexiterian
Daniel Sipocz,șofer de service (8 episoade 2022),niciunul,vegetarian
Pal Szil rd Levente,șofer de unitate (8 episoade 2022),niciunul,flexiterian
Priscila Amescua-Mendez,Suport pentru co-producător executiv (8 episoade 2022),niciuna,fara restrictii
Dogaru Silviu Andrei,asistent productie unitate / asistent de montaj unitar (8 episoade 2022),niciuna,fara restrictii
Aaron Becker,designul titlului principal (8 episoade 2022),niciunul,vegetarian
Gergo Benkoczy,dresor de câini (8 episoade 2022),niciunul,vegetarian
Dascalu Bogdan,asistent productie unitar (8 episoade 2022),niciuna,vegetarian
Teo Bostanica,manager de unitate (8 episoade 2022),niciuna,fara restrictii
Alexandra Cranga,contabila casă mică (8 episoade 2022),niciunul,fara restrictii
Razvana Cristescu,asistent prim contabil (8 episoade 2022),niciuna,fara restrictii
Claudia Dediu,asistenta producator (8 episoade 2022),niciuna,vegetarian
Penny Dyer,antrenor de dialecte (8 episoade 2022),niciunul,fara restrictii
Zoltan Horkai,antrenor cap de animale (8 episoade 2022),niciunul,flexiterian
Ana Ineni,secretar de productie (8 episoade 2022),niciuna,flexiterian
Emanuel Gabriel Ion,asistent coordonator testare (8 episoade 2022),niciuna,vegetarian
Gavriloaia Irina,asistent coordonator contracte (8 episoade 2022),niciuna,flexiterian
Peter Ivanyi,antrenor principal de animale (8 episoade 2022),niciunul,flexiterian
Austin Kircher,contabil post-producție (8 episoade 2022),niciunul,flexiterian
Christopher Landry,gazdă epk (8 episoade 2022),niciunul,vegetarian
Nelson Moses Lassiter,asistent administrativ de producție (8 episoade 2022),niciunul,vegetarian
Ioana Macarie,coregraf (8 episoade 2022),niciuna,fara restrictii
Cosmin Manea,contabil salarizare (8 episoade 2022),niciuna,fara restrictii
Elle McAlpine,coordonator de intimitate (8 episoade 2022),niciunul,fara restrictii
Troy James Miller,producător de titluri: Filmograph (8 episoade 2022),niciunul,fara restrictii
Dan Mirea,unitate operațiuni (8 episoade 2022),niciuna,vegetarian
Ioana Mititelu,asistent coordonator productie (8 episoade 2022),niciuna,fara restrictii
Kristine Popovici,asistent de producție de birou (8 episoade 2022),niciunul,fara restrictii
Aurel Nicolae Radu,asistent contabil (8 episoade 2022),niciuna,vegetarian
Olesea Railean,contabil productie (8 episoade 2022),niciuna,flexiterian
Adrian Sabau,coordonator productie (8 episoade 2022),niciuna,flexiterian
Iulia Anamaria Sima,coordonator contracte (8 episoade 2022),niciuna,vegetarian
Daniela Soare,asistenta productie (8 episoade 2022),niciuna,vegetarian
Adam M. Stone,coordonator de plasare de produse (8 episoade 2022),niciunul,vegetarian
Cat Stone,coordonator de plasare a produselor (8 episoade 2022),niciunul,fara restrictii
Georgiana Tamaga,coordonator de călătorie (8 episoade 2022),niciunul,flexiterian
Logi Thorvaldsson,asistent actor (8 episoade 2022),niciunul,vegetarian
Toria Turner,asistent executiv (8 episoade 2022),niciunul,vegetarian
Tony Wright,legătură internațională (8 episoade 2022),niciunul,vegetarian
Bianca Bumbacea,alergătoare la tabăra de bază (7 episoade 2022),niciuna,flexiterian
Lindsay Moffat,contabil de producție (4 episoade 2022),niciunul,flexiterian
Gunnar Sizemore,actor vocal (4 episoade 2022),niciunul,vegetarian
Bacula Sorin,caterer (3 episoade 2022),none,none
Monica Adam,bani mici (2 episoade 2022),niciunul,flexiterian
Liliana Chomsky,adr loop group (2 episoade 2022),none,none
Vanessa Coffey,coordonator de intimitate (2 episoade 2022),niciunul,fara restrictii
Marius Florescu,supervizor covid (2 episoade 2022),niciuna,vegetarian
Marilyn Lindsay,contabil pregătitoare (2 episoade 2022),niciunul,vegetarian
Rhidian Bridge,supraveghetor covid (1 episod 2022),niciunul,vegetarian
Bianca Bumvacea,alergătoare la tabăra de bază (1 episod 2022),niciuna,vegetarian
Luke Carroll,secretar de producție: fotografie suplimentară (1 episod 2022),niciunul,flexiterian
Ahmed El-Gallad,scriitor (1 episod 2022),niciunul,flexiterian
Jorge Garcia Castro,consultant (1 episod 2022),niciunul,vegetarian
Adam Lannon,manager covid (1 episod 2022),niciunul,vegetarian
Sarah McGuinness,antrenor de dialect: James Clay Caroline Lawrie (1 episod 2022),niciunul,vegetarian
Annabel Wilkin,primul asistent contabil: Marea Britanie (1 episod 2022),niciunul,fara restrictii
Eugene Shawn,asistent (necreditat) (8 episoade 2022),niciunul,flexiterian
Ana Duarte,asistent director de casting (necreditat) (1 episod 2022),niciunul,vegetarian
Isaac Sunderland,coordonator covid (necreditat) (1 episod 2022),niciunul,flexiterian
Extra 1,artist de storyboard,niciuna,vegetarian
Extra 2,supravegherea editorului de sunet,niciuna,vegetarian
Extra 3,supravegherea editorului de sunet,niciuna,vegetarian
Extra 4,scenograf,niciuna,vegetarian
Extra 5,editor de efecte sonore,niciuna,fara restrictii
Extra 6,asistent director de arta,niciuna,vegetarian
Extra 7,editor de efecte sonore,niciuna,vegetarian
Extra 8,artist de storyboard,niciuna,fara restrictii
Extra 9,artist de storyboard,niciuna,vegetarian
Extra 10,scenograf,niciuna,fara restrictii
Extra 11,scenograf,niciuna,vegetarian
Extra 12,editor de efecte sonore,niciuna,fara restrictii
Extra 13,artist de storyboard,niciuna,vegetarian
Extra 14,supravegherea editorului de sunet,niciuna,flexiterian
Extra 15,editor de efecte sonore,niciuna,fara restrictii
Extra 16,asistent director de arta,niciuna,fara restrictii
Extra 17,artist de storyboard,niciuna,vegetarian
Extra 18,editor de efecte sonore,niciuna,vegetarian
Extra 19,asistent director de arta,niciuna,flexiterian
Extra 20,scenograf,niciuna,fara restrictii
Extra 21,asistent director de arta,niciuna,fara restrictii
Extra 22,asistent director de arta,niciuna,vegetarian
Extra 23,asistent director de arta,niciuna,fara restrictii
Extra 24,scenograf,niciuna,flexiterian
Extra 25,asistent director de arta,niciuna,flexiterian
Extra 26,editor de efecte sonore,niciuna,fara restrictii
Extra 27,asistent director de arta,niciuna,vegetarian
Extra 28,artist de storyboard,niciuna,fara restrictii
Extra 29,scenograf,niciuna,flexiterian
Extra 30,asistent director de arta,niciuna,vegetarian
Extra 31,scenograf,niciuna,flexiterian
Extra 32,scenograf,niciuna,vegetarian
Extra 33,artist de storyboard,niciuna,flexiterian
Extra 34,artist de storyboard,niciuna,flexiterian
Extra 35,supravegherea editorului de sunet,niciuna,flexiterian
Extra 36,editor de efecte sonore,niciuna,vegetarian
Extra 37,editor de efecte sonore,niciuna,vegetarian
Extra 38,scenograf,niciuna,vegetarian
Extra 39,editor de efecte sonore,niciuna,flexiterian
Extra 40,artist de storyboard,niciuna,fara restrictii
Extra 41,supravegherea editorului de sunet,niciuna,flexiterian
Extra 42,editor de efecte sonore,niciuna,fara restrictii
Extra 43,supravegherea editorului de sunet,niciuna,fara restrictii
Extra 44,supravegherea editorului de sunet,niciuna,flexiterian
Extra 45,supravegherea editorului de sunet,niciuna,flexiterian
Extra 46,asistent director de arta,niciuna,vegetarian
Extra 47,artist de storyboard,niciuna,vegetarian
Extra 48,supravegherea editorului de sunet,niciuna,vegetarian
Extra 49,artist de storyboard,niciuna,flexiterian
Extra 50,supravegherea editorului de sunet,niciuna,flexiterian
Extra 51,artist de storyboard,niciuna,flexiterian
Extra 52,editor de efecte sonore,niciuna,flexiterian
Extra 53,asistent director de arta,niciuna,fara restrictii
Extra 54,scenograf,niciuna,vegetarian
Extra 55,scenograf,niciuna,vegetarian
Extra 56,artist de storyboard,niciuna,fara restrictii
Extra 57,scenograf,niciuna,flexiterian
Extra 58,artist de storyboard,niciuna,flexiterian
Extra 59,scenograf,niciuna,flexiterian
Extra 60,editor de efecte sonore,niciuna,fara restrictii
Extra 61,scenograf,niciuna,vegetarian
Extra 62,editor de efecte sonore,niciuna,flexiterian
Extra 63,editor de efecte sonore,niciuna,vegetarian
Extra 64,supravegherea editorului de sunet,niciuna,flexiterian
Extra 65,scenograf,niciuna,vegetarian
Extra 66,artist de storyboard,niciuna,flexiterian
Extra 67,scenograf,niciuna,fara restrictii
Extra 68,editor de efecte sonore,niciuna,flexiterian
Extra 69,asistent director de arta,niciuna,flexiterian
Extra 70,supravegherea editorului de sunet,niciuna,flexiterian
Extra 71,artist de storyboard,niciuna,flexiterian
Extra 72,artist de storyboard,niciuna,fara restrictii
Extra 73,asistent director de arta,niciuna,flexiterian
Extra 74,scenograf,niciuna,fara restrictii
Extra 75,editor de efecte sonore,niciuna,fara restrictii
Extra 76,scenograf,niciuna,vegetarian
Extra 77,asistent director de arta,niciuna,vegetarian
Extra 78,artist de storyboard,niciuna,flexiterian
Extra 79,supravegherea editorului de sunet,niciuna,fara restrictii
Extra 80,editor de efecte sonore,niciuna,vegetarian
Extra 81,artist de storyboard,niciuna,flexiterian
Extra 82,artist de storyboard,niciuna,vegetarian
Extra 83,supravegherea editorului de sunet,niciuna,vegetarian
Extra 84,asistent director de arta,niciuna,fara restrictii
Extra 85,asistent director de arta,niciuna,flexiterian
Extra 86,scenograf,niciuna,vegetarian
Extra 87,scenograf,niciuna,vegetarian
Extra 88,editor de efecte sonore,niciuna,fara restrictii
Extra 89,artist de storyboard,niciuna,flexiterian
Extra 90,editor de efecte sonore,niciuna,fara restrictii
Extra 91,supravegherea editorului de sunet,niciuna,fara restrictii
Extra 92,supravegherea editorului de sunet,niciuna,vegetarian
Extra 93,artist de storyboard,niciuna,fara restrictii
Extra 94,scenograf,niciuna,fara restrictii
Extra 95,artist de storyboard,niciuna,flexiterian
Extra 96,artist de storyboard,niciuna,flexiterian
Extra 97,artist de storyboard,niciuna,fara restrictii
Extra 98,supravegherea editorului de sunet,niciuna,vegetarian
Extra 99,scenograf,niciuna,vegetarian
Extra 100,artist de storyboard,niciuna,fara restrictii
Extra 101,scenograf,niciuna,flexiterian
Extra 102,editor de efecte sonore,niciuna,fara restrictii
Extra 103,editor de efecte sonore,niciuna,flexiterian
Extra 104,supravegherea editorului de sunet,niciuna,flexiterian
Extra 105,supravegherea editorului de sunet,niciuna,vegetarian
Extra 106,artist de storyboard,niciuna,flexiterian
Extra 107,scenograf,niciuna,vegetarian
Extra 108,artist de storyboard,niciuna,flexiterian
Extra 109,editor de efecte sonore,niciuna,vegetarian
Extra 110,artist de storyboard,niciuna,flexiterian
Extra 111,editor de efecte sonore,niciuna,flexiterian
Extra 112,artist de storyboard,niciuna,vegetarian
Extra 113,asistent director de arta,niciuna,flexiterian
Extra 114,editor de efecte sonore,niciuna,fara restrictii
Extra 115,editor de efecte sonore,niciuna,flexiterian
Extra 116,artist de storyboard,niciuna,fara restrictii
Extra 117,artist de storyboard,niciuna,fara restrictii
Extra 118,supravegherea editorului de sunet,niciuna,flexiterian
Extra 119,editor de efecte sonore,niciuna,fara restrictii
Extra 120,supravegherea editorului de sunet,niciuna,vegetarian
Extra 121,scenograf,niciuna,fara restrictii
Extra 122,asistent director de arta,niciuna,vegetarian
Extra 123,asistent director de arta,niciuna,fara restrictii
Extra 124,editor de efecte sonore,niciuna,fara restrictii
Extra 125,supravegherea editorului de sunet,niciuna,fara restrictii
Extra 126,asistent director de arta,niciuna,flexiterian
Extra 127,scenograf,niciuna,fara restrictii
Extra 128,editor de efecte sonore,niciuna,vegetarian
Extra 129,supravegherea editorului de sunet,niciuna,fara restrictii
Extra 130,scenograf,niciuna,fara restrictii
Extra 131,asistent director de arta,niciuna,flexiterian
Extra 132,asistent director de arta,niciuna,fara restrictii
