Tim Burton,director,none,flexitarian
James Marshall,director,none,vegetarian
Gandja Monteiro,director,none,flexitarian
Charles Addams,writer,none,vegetarian
Alfred Gough,writer,none,flexitarian
Miles Millar,writer,none,no restriction
Kayla Alpert,writer,none,vegetarian
April Blair,writer,none,vegetarian
Matt Lambert,writer,none,vegetarian
Jenna Ortega,actor/actress main,clairvoyance,flexitarian
Gwendoline Christie,actor/actress main,human,no restriction
Riki Lindhome,actor/actress main,human,vegetarian
Emma Myers,actor/actress main,werewolf,flexitarian
Joy Sunday,actor/actress main,siren,flexitarian
Naomi J. Ogawa,actor/actress main,vampire,vegetarian
Christina Ricci,actor/actress main,human,flexitarian
Jamie McShane,actor/actress main,human,flexitarian
Hunter Doohan,actor/actress main,human,flexitarian
Percy Hynes White,actor/actress main,human,vegetarian
Georgie Farmer,actor/actress main,human,vegetarian
Johnna Dias-Watson,actor/actress,siren,no restriction
Oliver Watson,actor/actress,siren,vegetarian
Victor Dorobantu,actor/actress,human,vegetarian
Moosa Mostafa,actor/actress main,human,no restriction
Daniel Himschoot,actor/actress,human,no restriction
Luyanda Unati Lewis-Nyawo,actor/actress,human,no restriction
Iman Marson,actor/actress,human,vegetarian
Calum Ross,actor/actress,human,vegetarian
Cezar Grumazescu,actor/actress,human,vegetarian
Tommie Earl Jenkins,actor/actress,human,vegetarian
Catherine Zeta-Jones,actor/actress,clairvoyance,flexitarian
Morgan Beale,actor/actress,human,flexitarian
George Burcea,actor/actress,human,vegetarian
Islam Bouakkaz,actor/actress,human,vegetarian
William Houston,actor/actress,human,flexitarian
Karina Varadi,actor/actress,clairvoyance,no restriction
Rina Mahoney,actor/actress,human,flexitarian
Georgia Goodman,actor/actress,human,flexitarian
Murray McArthur,actor/actress,human,no restriction
Fred Armisen,actor/actress,human,vegetarian
Luis Guzman,actor/actress,human,vegetarian
Olimpia Malai,actor/actress,human,vegetarian
Isaac Ordonez,actor/actress,human,flexitarian
Nitin Ganatra,actor/actress,human,vegetarian
Lucius Hoyos,actor/actress,human,flexitarian
Cheherezade Valentine Okotaka Ebale,actor/actress,human,no restriction
Oliver Wickham,actor/actress,human,no restriction
Edward Kennedy,actor/actress,vampire,flexitarian
Ismail Kesu,actor/actress,human,vegetarian
Caroline Lawrie,actor/actress,human,vegetarian
Lachele Carl,actor/actress,human,flexitarian
Gwen Jones,actor/actress,clairvoyance,flexitarian
Lisa O'Hare,actor/actress,human,vegetarian
Sophia Nomvete,actor/actress,human,no restriction
Ichiro Yuki,actor/actress,vampire,vegetarian
Amanda Drew,actor/actress,werewolf,vegetarian
Ryan Ellsworth,actor/actress,werewolf,vegetarian
Gloria Garcia,actor/actress,human,flexitarian
Gracy Goldman,actor/actress,siren,no restriction
Lewis Hayes,actor/actress,human,no restriction
Philip Rosch,actor/actress,human,no restriction
Michael Okele,actor/actress,human,no restriction
Chloe Cate,actor/actress,human,flexitarian
Kayla Alpert,executive producer,none,vegetarian
Gail Berman,executive producer,none,vegetarian
Tim Burton,executive producer,none,vegetarian
Jonathan Glickman,executive producer,none,no restriction
Carla Gonz lez Vargas,co-executive producer,none,flexitarian
Alfred Gough,executive producer,none,flexitarian
Tommy Harper,executive producer,none,flexitarian
Nick Iannelli,co-producer,none,vegetarian
Kevin Lafferty,executive producer,none,no restriction
Miles Millar,executive producer,none,flexitarian
David Minkowski,co-executive producer,none,vegetarian
Kevin Miserocchi,executive producer,none,flexitarian
Andrew Mittman,executive producer,none,vegetarian
Carmen Pepelea,producer,none,flexitarian
Steve Stark,executive producer,none,no restriction
Natalie Testa,associate producer,none,vegetarian
Todd Williams,co-executive producer,none,flexitarian
Chris Bacon,music,none,flexitarian
Danny Elfman,music,none,no restriction
Stephan Pehrsson,cinematography,none,flexitarian
David Lanzenberg,cinematography,none,vegetarian
Ana Yavari,film editing,none,vegetarian
Jay Prychidny,film editing,none,vegetarian
Paul G. Day,film editing,none,flexitarian
Florina Fernandes,casting,none,no restriction
Sophie Holland,casting,none,no restriction
John Papsidera,casting,none,no restriction
Mark Scruton,production design,none,no restriction
Adrian Curelea,supervising art director,none,flexitarian
Ghinea Diana,art direction,none,flexitarian
Silvia Nancu,art direction,none,vegetarian
Andrei-Florian Popa,assistant art director / additional standby art director,none,no restriction
Serban Porupca,senior art director (8 episodes 2022),none,flexitarian
Vlad Roseanu,on-set art director / art director (8 episodes 2022),none,flexitarian
Roxana Alexandru,art direction (3 episodes 2022),none,vegetarian
Carmen Ratoi,art direction (3 episodes 2022),none,vegetarian
Laurentiu Zarnoianu,set direction (8 episodes 2022),none,flexitarian
David Morison,set direction (4 episodes 2022),none,flexitarian
Rob Hepburn,set direction (4 episodes 2022),none,flexitarian
Colleen Atwood,costume design (8 episodes 2022),none,flexitarian
Bianca Boeroiu,makeup artist (8 episodes 2022),none,no restriction
Catalin Ciutu,hair stylist supervisor: crowd (8 episodes 2022),none,vegetarian
Natalie L Costello,special makeup effects artist (8 episodes 2022),none,vegetarian
Julian Hutcheson,special makeup effects artist (8 episodes 2022),none,no restriction
Nirvana Jalalvand,hair & makeup artist: main team (8 episodes 2022),none,vegetarian
Grace McComisky,prosthetic artist / prosthetic makeup artist (8 episodes 2022),none,flexitarian
Tara McDonald,hair & makeup designer (8 episodes 2022),none,flexitarian
Dominic Mombrun,dental effects designer & fabricator (8 episodes 2022),none,no restriction
Angela Ruiz Morales,prosthetics artist (8 episodes 2022),none,flexitarian
Paraschiv Oana,makeup artist (8 episodes 2022),none,flexitarian
Alexandru Sassu,assistant makeup artist (8 episodes 2022),none,vegetarian
Bas Schwarz,special effects makeup artist: mouldmaker & props (8 episodes 2022),none,no restriction
Rub n Serra,special makeup effects artist (8 episodes 2022),none,vegetarian
Margo Stefan,hair stylist (8 episodes 2022),none,flexitarian
Viktoria Stieber,prosthetic makeup artist (8 episodes 2022),none,vegetarian
Sinead Sweeney,SFX contact lens coordinator (8 episodes 2022),none,no restriction
Iuliana Temelie,hair stylist (8 episodes 2022),none,flexitarian
Clara Tudose,hair & makeup artist (8 episodes 2022),none,flexitarian
Raquel  lvarez,prosthetic makeup sculptor (8 episodes 2022),none,flexitarian
Freda Ellis,makeup supervisor (6 episodes 2022),none,flexitarian
Ripley Dale-Gulston,junior hair & makeup artist (6 episodes 2022),none,vegetarian
Olimpia Stoicea,hair & makeup artist: main team (6 episodes 2022),none,no restriction
Tia Costell,junior hair & makeup artist (4 episodes 2022),none,no restriction
Susan Cole,personal hair stylist: Luis Guzman (4 episodes 2022),none,no restriction
Jean Carlos de Blas,key hair & makeup artist (4 episodes 2022),none,vegetarian
Gabriella Havens,makeup artist (3 episodes 2022),none,vegetarian
Sheherezada Kouchaki,makeup artist (4 episodes 2022),none,vegetarian
Raluca Moldoveanu,makeup artist (4 episodes 2022),none,flexitarian
Andrea Dardea Tesdall,special makeup effects artist (3 episodes 2022),none,no restriction
Nicoleta Toader,hair stylist: cast (4 episodes 2022),none,vegetarian
Natalie Fox,additional hair & makeup artist (2 episodes 2022),none,no restriction
Niki De Jong,prosthetic makeup artist (1 episode 2022),none,no restriction
Ionel Popa,special makeup effects artist (1 episode 2022),none,vegetarian
Athina Sapanidis,prosthethic makeup artist (1 episode 2022),none,no restriction
Razvan Badea,unit production manager / production manager (8 episodes 2022),none,vegetarian
Irene Iovan Calangiu,health & safety unit production manager: covid (8 episodes 2022),none,vegetarian
Alexandru Cseh,production manager: second unit (8 episodes 2022),none,flexitarian
Emma Mallett,unit production manager: additional photography (1 episode 2022),none,flexitarian
Alexandru Acsinte,assistant director (8 episodes 2022),none,no restriction
Emilie Balusson,second second assistant director / co-second assistant director (8 episodes 2022),none,vegetarian
Bianca Bumbacea,assistant director (8 episodes 2022),none,vegetarian
Simona Dinu,second assistant director (8 episodes 2022),none,flexitarian
Mariana Grama,crowd second assistant director (8 episodes 2022),none,flexitarian
Mircea Hategan,first assistant director (8 episodes 2022),none,flexitarian
Stefania Ispas,trainee assistant director (8 episodes 2022),none,vegetarian
Loyzo,third assistant director (8 episodes 2022),none,vegetarian
Raphael Tudor,third assistant director (8 episodes 2022),none,vegetarian
Costin Sforaru,assistant director (7 episodes 2022),none,vegetarian
Sabina Balan,crowd first assistant director (6 episodes 2022),none,flexitarian
Brett Chan,second unit director (6 episodes 2022),none,no restriction
Ada Dumitru,cast assistant (6 episodes 2022),none,vegetarian
Emyr Glyn Rees,second assistant director / first assistant director (6 episodes 2022),none,flexitarian
Jessica Kirec,second assistant director (4 episodes 2022),none,vegetarian
George Walker,first assistant director (4 episodes 2022),none,no restriction
Richard O'Brien-Moran,first assistant director (2 episodes 2022),none,flexitarian
Mihaela Ionita,second assistant director (2 episodes 2022),none,vegetarian
Alexandra Popa,crowd second assistant director (1 episode 2022),none,flexitarian
Alexandru Trandafira,crowd assistant director (2 episodes 2022),none,flexitarian
Sucioaia Alexandra,set dressing painter (8 episodes 2022),none,flexitarian
Tache Alexandru,graphic designer (8 episodes 2022),none,vegetarian
Corneliu Mihai Bonciu,sculptor (8 episodes 2022),none,flexitarian
Rachel Garlick,storyboard artist (8 episodes 2022),none,flexitarian
Florin Gavrila,lead set dressing painter (8 episodes 2022),none,flexitarian
Adi Handac,property master (8 episodes 2022),none,vegetarian
Dana Ilie,art department manager (8 episodes 2022),none,no restriction
Alexandru Titus Ipate,action vehicles supervisor (8 episodes 2022),none,no restriction
Simona Maican,art department coordinator (8 episodes 2022),none,flexitarian
Cristian Mihaila,assistant set decorator / set decoration buyer (8 episodes 2022),none,flexitarian
Cosmin Miroiu,head of greenery (8 episodes 2022),none,vegetarian
Amalia Mititelu,set dressing painter (8 episodes 2022),none,no restriction
Pietro Nume,concept artist (8 episodes 2022),none,flexitarian
Iulia Petrescu,assistant set decorator (8 episodes 2022),none,no restriction
Madalina Ripanu,clearance coordinator (8 episodes 2022),none,flexitarian
Geaniloni Sandru,lead painter (8 episodes 2022),none,no restriction
Eusebiu Sirbu,head graphic designer (8 episodes 2022),none,vegetarian
Cristina Stefan,graphic designer (8 episodes 2022),none,flexitarian
Alexandra Tudor,assistant art director (8 episodes 2022),none,no restriction
Laurentiu Zarnoianu,leadman (8 episodes 2022),none,vegetarian
Liviu Antonescu,graphic designer (6 episodes 2022),none,vegetarian
Madalina Ciosu,set designer (6 episodes 2022),none,vegetarian
Tudor Iordachescu,set designer (6 episodes 2022),none,vegetarian
Anca Iscru,set designer (6 episodes 2022),none,flexitarian
Ana Neag,assistant art director (6 episodes 2022),none,vegetarian
Iulia Pasarica,assistant art director (6 episodes 2022),none,flexitarian
Andreea Siminea,set designer (6 episodes 2022),none,vegetarian
Amy Lockwood,assistant set decorator (4 episodes 2022),none,vegetarian
Andrew Cherry,storyboard artist (3 episodes 2022),none,flexitarian
Cristian Darstar,storyboard artist (3 episodes 2022),none,vegetarian
Adrian Curelea,supervising art director (2 episodes 2022),none,no restriction
Serban Porupca,senior art director (2 episodes 2022),none,flexitarian
Radu Costache,assistant property master (1 episode 2022),none,no restriction
Jennifer Keen,first set decoration buyer (1 episode 2022),none,flexitarian
Karen Krizanovich,production design researcher (1 episode 2022),none,flexitarian
Ben Livingstone,illustrator (1 episode 2022),none,no restriction
Yohann Angelvy,french casting mixer (8 episodes 2022),none,vegetarian
Michael Baskerville,re-recording mixer (8 episodes 2022),none,no restriction
Nicolae Comarzan,sound mixer: second unit (8 episodes 2022),none,no restriction
Tony Diaz,adr mixer (8 episodes 2022),none,vegetarian
Arturo A. Fuenmayor,re-recording mix assistant / additional re-recording mixer (8 episodes 2022),none,flexitarian
Alastair Gray,dialogue editor (8 episodes 2022),none,flexitarian
Justin Helle,foley mixer (8 episodes 2022),none,no restriction
John Loranger,supervising sound editor (8 episodes 2022),none,no restriction
Liviu Lupsa,sound mixer (8 episodes 2022),none,vegetarian
Kristi McIntyre,adr editor / sound effects editor (8 episodes 2022),none,flexitarian
Sean Miller,adr recordist (8 episodes 2022),none,no restriction
Faustine Pelipel,assistant sound editor (8 episodes 2022),none,flexitarian
Dan Sexton,sound effects editor (8 episodes 2022),none,no restriction
Alex Stylianou,adr recordist (8 episodes 2022),none,no restriction
Jamie Sulek,re-recording mixer (8 episodes 2022),none,vegetarian
Mike Tehrani,adr mixer (8 episodes 2022),none,flexitarian
Marcus Byrne,adr mixer (7 episodes 2022),none,no restriction
Greg Crawford,adr mixer (7 episodes 2022),none,vegetarian
Juan Martin Del Campo,adr mixer (7 episodes 2022),none,no restriction
Tim McKeever,adr mixer (7 episodes 2022),none,flexitarian
Simon Diggins,adr mixer (6 episodes 2022),none,vegetarian
Jonathan Gomez,adr mixer (4 episodes 2022),none,no restriction
Nathan Jackson,foley editor (1 episode 2022),none,flexitarian
William Kellerman,foley artist (1 episode 2022),none,vegetarian
Leslie Liu,adr mixer (2 episodes 2022),none,flexitarian
Ana Quiroga,audio coordinator (uncredited) (8 episodes 2022),none,vegetarian
Dan Barcutean,special effects technician (8 episodes 2022),none,flexitarian
Max Costello,special effects technician (7 episodes 2022),none,flexitarian
Florin Stoian,special effects technician (8 episodes 2022),none,vegetarian
Harry Troughton,special effects coordinator (8 episodes 2022),none,flexitarian
Jason Troughton,special effects supervisor (8 episodes 2022),none,flexitarian
Adrian Nica,lead technician (4 episodes 2022),none,no restriction
Ilinca Angelescu,special effects makeup (1 episode 2022),none,flexitarian
Yovko Dogandjiiski,special effects supervisor (2 episodes 2022),none,vegetarian
Antonia Tocheva,special effects office coordinator (2 episodes 2022),none,flexitarian
Matthew Adams,digital compositor: Ghost VFX Toronto (8 episodes 2022),none,no restriction
Oana Bardan,visual effects coordinator (8 episodes 2022),none,flexitarian
Craig Calvert,visual effects supervisor: Mr. X (8 episodes 2022),none,flexitarian
Kevin Chandoo,head of studio: Ghost VFX Toronto (8 episodes 2022),none,vegetarian
Nick Colangelo,visual effects producer: Mr. X (8 episodes 2022),none,flexitarian
John Coldrick,visual effects supervisor: Rocket Science VFX (8 episodes 2022),none,vegetarian
Sam Cole,lighting lead: Mr. X (8 episodes 2022),none,flexitarian
Chris Cooper,cg supervisor: Mr. X (8 episodes 2022),none,flexitarian
Roger Dalupang,lead render wrangler/pipeline td (8 episodes 2022),none,flexitarian
Swedyl DSouza,visual effects production manager (8 episodes 2022),none,vegetarian
Maxime Ducharme,visual effects artist: MELS (2 episodes 2022),none,no restriction
Paula Fanaia,digital compositor: Ghost VFX Toronto (8 episodes 2022),none,no restriction
Mariah Fleetham,visual effects production assistant: Take 5 VFX (8 episodes 2022),none,flexitarian
Kathryn Foster,visual effects editor: Ghost VFX Toronto (8 episodes 2022),none,flexitarian
Ben Funk,lead compositor: Take 5 VFX (8 episodes 2022),none,vegetarian
Keith Goh,visual effects assistant editor: MPC (8 episodes 2022),none,flexitarian
Kari-Lyn Gravel,visual effects associate line producer: Stereo D (8 episodes 2022),none,no restriction
Jon Howard,visual effects producer: Ghost VFX Toronto (6 episodes 2022),none,flexitarian
Kent Johnson,visual effects producer (8 episodes 2022),none,vegetarian
Anna Joukova,compositor: Take 5 VFX / visual effects compositor: Take 5 VFX (8 episodes 2022),none,vegetarian
Jesse Kawzenuk,on-set visual effects supervisor (8 episodes 2022),none,no restriction
Grant Lee,visual effects supervisor: Stereo D (8 episodes 2022),none,no restriction
Jake Lunt Davies,concept design (8 episodes 2022),none,flexitarian
Dumitrana Teodora Lupu,visual effects production assistant (8 episodes 2022),none,no restriction
Amy Madigan,visual effects production manager: Stereo D (8 episodes 2022),none,no restriction
Yael Majors,visual effects assistant supervisor: Stereo D (3 episodes 2022),none,no restriction
Mariano Mendoza,assets lead: Mr. X (8 episodes 2022),none,no restriction
Guillermo Molina,lead tools developer (8 episodes 2022),none,no restriction
Skye Morandin,visual effects production manager: Stereo D (8 episodes 2022),none,vegetarian
Tom Nagy,animation supervisor: Mr. X (8 episodes 2022),none,no restriction
Ken Nielsen,compositing supervisor: Ghost VFX Toronto (8 episodes 2022),none,vegetarian
Razvan Nineaca,data wrangler (8 episodes 2022),none,flexitarian
Anthony O'Connell,Render Wrangler (8 episodes 2022),none,vegetarian
Catalin Otelea,data wrangler (8 episodes 2022),none,flexitarian
Matei Ovejan,data wrangler (8 episodes 2022),none,flexitarian
Alessandro Pantanella,visual effects supervisor: Ghost VFX Toronto (8 episodes 2022),none,no restriction
Travis Pond,compositor: Take 5 VFX (8 episodes 2022),none,flexitarian
Yawar Raja,layout lead: Mr. X (8 episodes 2022),none,flexitarian
Aditya Sawant,visual effects coordinator: Ghost VFX Toronto (8 episodes 2022),none,no restriction
Matt Schofield,vfx head of operations (8 episodes 2022),none,vegetarian
Ksenia Shutova,compositor: Take 5 VFX (8 episodes 2022),none,vegetarian
Mark Simone,visual effects producer: Stereo D (8 episodes 2022),none,flexitarian
Denis St-Pierre,compositor: Take 5 VFX (8 episodes 2022),none,no restriction
Ryan Terk,Senior Visual Effects Coordinator / visual effects coordinator: MELS (8 episodes 2022),none,no restriction
Jason Teske,rigging lead: Mr. X (8 episodes 2022),none,flexitarian
Tom Turnbull,visual effects supervisor (8 episodes 2022),none,vegetarian
Fabi n Varela,visual effects producer: Ghost VFX Toronto (8 episodes 2022),none,vegetarian
Kelly Weisz,visual effects studio manager: Take 5 VFX (8 episodes 2022),none,no restriction
Angela Zhang,visual effects production manager: Mr. X (8 episodes 2022),none,vegetarian
Kayden Anderson,visual effects producer: Rocket Science VFX (7 episodes 2022),none,vegetarian
Eddie Englander,visual effects supervisor: Monsters Aliens Robots Zombies (2 episodes 2022),none,no restriction
Rashid Khallouk,compositing lead: Mr. X (6 episodes 2022),none,flexitarian
Timothy Mah,visual effects editor: Rocket Science VFX (7 episodes 2022),none,no restriction
Michael Osuszek,visual effects coordinator: Rocket Science VFX (7 episodes 2022),none,flexitarian
Rodrigo Paiva,compositing lead: Monsters Aliens Robots Zombies (1 episode 2022),none,no restriction
Suresh Pandi,lead compositor: Rocket Science VFX / compositor: Rocket Science VFX (7 episodes 2022),none,no restriction
Francois Robert,matchmove/layout artist: MELS (3 episodes 2022),none,vegetarian
Adam Smith,lead compositor: Rocket Science VFX (7 episodes 2022),none,no restriction
Sarvesh Amre,visual effects production manager: NetFX Mumbai (6 episodes 2022),none,vegetarian
Beno t Bri re,visual effects supervisor: MELS (6 episodes 2022),none,vegetarian
Paul Chambers,assets supervisor: Monsters Aliens Robots Zombies (1 episode 2022),none,vegetarian
Dipak Gaur,digital compositor: Ghost VFX Toronto (6 episodes 2022),none,no restriction
Taraknath Ghosh,paint artist: Stereo D (5 episodes 2022),none,no restriction
Baz Lanaris,cg supervisor: MELS (6 episodes 2022),none,vegetarian
Prateek Mishra,paint artist: Stereo D (5 episodes 2022),none,no restriction
Erin Nicholson,cg supervisor: Ghost VFX Toronto (6 episodes 2022),none,flexitarian
Bikram Singh,paint artist: Stereo D (5 episodes 2022),none,flexitarian
Khushroo Surveyor,visual effects lighter: Rocket Science VFX (5 episodes 2022),none,flexitarian
Ramesh Kumar Yanagandhula,paint artist: Stereo D (5 episodes 2022),none,flexitarian
Lynx Zuo,digital compositor: Ghost VFX Toronto (6 episodes 2022),none,flexitarian
Patti Gannon,compositor: Take 5 VFX (4 episodes 2022),none,no restriction
Tanya Haddad,visual effects producer: Folks VFX (5 episodes 2022),none,flexitarian
JoAnna Johnson,compositor: Rocket Science VFX (4 episodes 2022),none,vegetarian
Luca Lim Diniz,visual effects artist: MELS (4 episodes 2022),none,flexitarian
Brodie McNeill,visual effects supervisor: Folks VFX (5 episodes 2022),none,flexitarian
Tabata Ortiz,visual effects artist: MELS (4 episodes 2022),none,no restriction
Nishant Patel,visual effects lighter: Rocket Science VFX (1 episode 2022),none,vegetarian
Umapathy Rajarathinam,compositor: Rocket Science VFX (4 episodes 2022),none,vegetarian
Genesis Rivas,compositor: Take 5 VFX (4 episodes 2022),none,vegetarian
Manish Rohith,compositing artist: Monsters Aliens Robots Zombies (1 episode 2022),none,vegetarian
Luca Gabriele Rossetti,digital matte painter/environment supervisor: Monsters Aliens Robots Zombies (1 episode 2022),none,flexitarian
Salil Thapa,visual effects line producer: NetFX Mumbai (5 episodes 2022),none,flexitarian
Fran ois Trudel,visual effects artist: MELS / visual effects supervisor: MELS (4 episodes 2022),none,flexitarian
Wesley While,compositor: Take 5 VFX (5 episodes 2022),none,vegetarian
Kaylie Whitcher,visual effects producer: Folks VFX (5 episodes 2022),none,flexitarian
Sarah Wormsbecher,visual effects executive producer: Folks VFX (5 episodes 2022),none,flexitarian
Summer Zong,cg supervisor: Folks VFX (5 episodes 2022),none,flexitarian
Oksana Andrulis,visual effects production manager: Folks VFX / animation coordinator: Folks VFX (3 episodes 2022),none,flexitarian
David Dionne,visual effects artist: MELS (2 episodes 2022),none,no restriction
Josh George,fx lead: Folks VFX (3 episodes 2022),none,no restriction
James Takashi Higuchi,lighting supervisor: Monsters Aliens Robots Zombies (1 episode 2022),none,vegetarian
Christopher Jude,compositor: Rocket Science VFX (3 episodes 2022),none,flexitarian
Jos  Lasa,compositor: Rocket Science VFX / visual effects lighter: Rocket Science VFX (3 episodes 2022),none,flexitarian
Marco Lee,compositing supervisor: Folks VFX (3 episodes 2022),none,vegetarian
Dinaaz Mathur,visual effects production coordinator: NetFX Mumbai (4 episodes 2022),none,flexitarian
Ben McDougal,surfacing lead: Monsters Aliens Robots Zombies (4 episodes 2022),none,vegetarian
Sumit Mukherjee,paint supervisor: NetFX Mumbai (4 episodes 2022),none,vegetarian
Isha Nigam,head of production: NetFX Mumbai (4 episodes 2022),none,vegetarian
Ryan Jae Wook Park,layout supervisor: Folks VFX (3 episodes 2022),none,no restriction
Gustavo Sanchez-Perez,fx supervisor: Monsters Aliens Robots Zombies (1 episode 2022),none,vegetarian
Kyle Sim,head of 2d: Folks VFX (4 episodes 2022),none,no restriction
Pankaj Umbarkar,junior paint lead: NetFX Mumbai (4 episodes 2022),none,no restriction
Sahil Agrahari,junior paint artist: NetFX Mumbai (2 episodes 2022),none,flexitarian
Chris Archinet,visual effects artist: MELS (2 episodes 2022),none,no restriction
Ajay Kumar Attinti,roto lead: NetFX Mumbai (3 episodes 2022),none,flexitarian
Samuel Boisvert,visual effects artist: MELS (2 episodes 2022),none,flexitarian
Reine Bourgault,visual effects artist: MELS (2 episodes 2022),none,no restriction
Aakash Chaudhari,roto artist: NetFX Mumbai (2 episodes 2022),none,vegetarian
Dave David,animation artist: Monsters Aliens Robots Zombies (1 episode 2022),none,no restriction
Amod Diwakar,assistant visual effects line producer: Stereo D / visual effects assistant line producer: Stereo D (3 episodes 2022),none,no restriction
Nadine Fr ve,lead visual effects editor: Folks VFX / visual effects editor: Folks VFX (2 episodes 2022),none,flexitarian
Mark Goldberg,compositor (2 episodes 2022),none,no restriction
Leonardo Andres Grabau Villalba,visual effects artist: MELS (2 episodes 2022),none,no restriction
Jonathan Gr goire,visual effects artist: MELS (3 episodes 2022),none,vegetarian
Jeanne Hebert,visual effects artist: MELS (2 episodes 2022),none,flexitarian
Pravin Hodage,2d supervisor: NetFX Mumbai (2 episodes 2022),none,no restriction
Cory Humes,animation supervisor: Folks VFX (3 episodes 2022),none,flexitarian
Siddarth Jambhulkar,compositor: Rocket Science VFX (2 episodes 2022),none,flexitarian
Mukesh Joshi,senior i/o coordinator: NetFX Mumbai (2 episodes 2022),none,vegetarian
Simon Lecavalier,cg supervisor: MELS (2 episodes 2022),none,flexitarian
Christophe Longtin,visual effects artist: MELS (2 episodes 2022),none,vegetarian
Oleg Memukhin,fx supervisor: Folks VFX (3 episodes 2022),none,no restriction
Waseem Mohammed,head of central production: Monsters Aliens Robots Zombies (2 episodes 2022),none,flexitarian
Dany Richard,visual effects artist: MELS (2 episodes 2022),none,no restriction
Nisarg Suthar,lighting supervisor: Folks VFX (3 episodes 2022),none,vegetarian
Nitesh Sutrave,compositing supervisor: NetFX Mumbai (3 episodes 2022),none,flexitarian
Sarvesh Talekar,roto artist: NetFX Mumbai (2 episodes 2022),none,flexitarian
Himani Tyagi,junior paint artist: NetFX Mumbai (2 episodes 2022),none,no restriction
Waseem Ahmad Khan,paint artist: Stereo D (1 episode 2022),none,flexitarian
Rodrigo Albano,environment artist: Monsters Aliens Robots Zombies (1 episode 2022),none,no restriction
Don Carlo Alvir,animation artist: Monsters Aliens Robots Zombies (1 episode 2022),none,no restriction
Leanndro Amorim,compositing artist: Monsters Aliens Robots Zombies (1 episode 2022),none,no restriction
Seshadri Anand,tracking/layout lead: Monsters Aliens Robots Zombies (1 episode 2022),none,no restriction
Blake Anderson,visual effects supervisor: VFX Legion (1 episode 2022),none,flexitarian
Schuyler Anderson,tracking/layout lead: Monsters Aliens Robots Zombies (1 episode 2022),none,flexitarian
Edwin Arismendez,visual effects artist: MELS (2 episodes 2022),none,flexitarian
Jessica Bayliss,head of production: Monsters Aliens Robots Zombies (2 episodes 2022),none,vegetarian
Sudhakar Bhavanasi,deputy manager: Stereo D (1 episode 2022),none,vegetarian
Alan Bisht,compositing artist: NetFX Mumbai (1 episode 2022),none,no restriction
William Blanchette,visual effects artist: MELS (1 episode 2022),none,no restriction
Jordan Boulais,visual effects artist: MELS (2 episodes 2022),none,vegetarian
J. Alan Bradshaw,head of cg: Monsters Aliens Robots Zombies (2 episodes 2022),none,flexitarian
Peter Braeley,digital matte painter: Folks VFX (1 episode 2022),none,vegetarian
Charlotte Breton,visual effects editor: Folks VFX (1 episode 2022),none,vegetarian
Alex Bronfman,sales lead: Monsters Aliens Robots Zombies (2 episodes 2022),none,vegetarian
Jonathan Bronfman,head of studio: Monsters Aliens Robots Zombies (2 episodes 2022),none,vegetarian
Dennis Chan,animation artist: Monsters Aliens Robots Zombies (1 episode 2022),none,vegetarian
Hardik Chauhan,senior compositing artist: NetFX Mumbai (1 episode 2022),none,no restriction
Molly Chen,assets artist: Monsters Aliens Robots Zombies (1 episode 2022),none,flexitarian
Sujesh V. Chitty,concept artist: Folks VFX (1 episode 2022),none,vegetarian
Nolan Conrad,digital compositor: VFX Legion (1 episode 2022),none,vegetarian
Andr s Couturier,graphic artist: VFX Legion (1 episode 2022),none,no restriction
Madhu Dasyapu,assistant roto supervisor: Stereo D (1 episode 2022),none,flexitarian
Rodrigo de Angelis,fx artist: Monsters Aliens Robots Zombies (1 episode 2022),none,vegetarian
Sofia Diaz,lighting artist: Monsters Aliens Robots Zombies (1 episode 2022),none,no restriction
Maya Dumont-Deslandes,visual effects studio manager: MELS (1 episode 2022),none,vegetarian
Abdullah Ecirli,compositing artist: Monsters Aliens Robots Zombies (1 episode 2022),none,no restriction
Manoj Kumar Elangovan,tracking & layout artist: Monsters Aliens Robots Zombies (1 episode 2022),none,flexitarian
Michael Enzbrunner,animation lead: Monsters Aliens Robots Zombies (1 episode 2022),none,vegetarian
Timothy Fleur,creature artist: Monsters Aliens Robots Zombies (1 episode 2022),none,vegetarian
Adam Fok,rigging lead: Monsters Aliens Robots Zombies (1 episode 2022),none,vegetarian
Gil Franco,assets artist: Monsters Aliens Robots Zombies (1 episode 2022),none,no restriction
Emily Funk,assets artist: Monsters Aliens Robots Zombies (1 episode 2022),none,flexitarian
Antonio Gallardo,visual effects producer: VFX Legion (1 episode 2022),none,flexitarian
Gregory Galliani,modeling lead: Monsters Aliens Robots Zombies (1 episode 2022),none,vegetarian
Igor Garanovschii,matte painter: Rocket Science VFX (1 episode 2022),none,vegetarian
Kunal Ghai,paint artist: Stereo D (1 episode 2022),none,flexitarian
Rakan Ghresi,fx artist: Monsters Aliens Robots Zombies (1 episode 2022),none,no restriction
Jimmy Gill,animation artist: Monsters Aliens Robots Zombies (1 episode 2022),none,flexitarian
Yash Gowda,head of 2d: Monsters Aliens Robots Zombies (2 episodes 2022),none,no restriction
Jameer Haider,paint artist: NetFX Mumbai (1 episode 2022),none,vegetarian
Lewis Hawkes,rigging lead: Monsters Aliens Robots Zombies (1 episode 2022),none,vegetarian
Jim Hillin,visual effects lighter Ghost VFX Toronto (1 episode 2022),none,flexitarian
Curtis Hsiung,animator: Rocket Science VFX (2 episodes 2022),none,vegetarian
Chen Kuang Hsu,tracking & layout artist: Monsters Aliens Robots Zombies (1 episode 2022),none,vegetarian
Salvatore Iamonte,rigging artist: Monsters Aliens Robots Zombies (1 episode 2022),none,flexitarian
Pragati Jana,paint artist: Stereo D (1 episode 2022),none,vegetarian
Juyong Jeon,visual effects artist (2 episodes 2022),none,no restriction
Kenny Jia,digital matte painter lead: Monsters Aliens Robots Zombies (1 episode 2022),none,vegetarian
Laszlo Kalbache,asset artist: Rocket Science VFX (1 episode 2022),none,vegetarian
Ashraf Karim,senior compositing artist: NetFX Mumbai (1 episode 2022),none,vegetarian
Sharad Kate,paint artist: Stereo D (1 episode 2022),none,vegetarian
Min Kim,compositing supervisor: Folks VFX (2 episodes 2022),none,no restriction
Jamie Knoop,visual effects production assistant: Stereo D (1 episode 2022),none,no restriction
Ashwini Lad,visual effects administrator: Stereo D (1 episode 2022),none,flexitarian
Nadege Lagueux-Beloin,visual effects artist: MELS (1 episode 2022),none,vegetarian
Tukaram Landbale,roto artist: NetFX Mumbai (1 episode 2022),none,flexitarian
Dany Lebrasseur,visual effects artist: MELS (1 episode 2022),none,vegetarian
Kate T.C. Lin,digital compositor: VFX Legion (1 episode 2022),none,flexitarian
Matthias Lowry,digital compositor: VFX Legion (1 episode 2022),none,vegetarian
Jimmy Lue,visual effects coordinator: Folks VFX (1 episode 2022),none,no restriction
Jim Maxwell,matte painter: Take 5 VFX (2 episodes 2022),none,no restriction
Jay Mehta,paint artist: NetFX Mumbai (1 episode 2022),none,flexitarian
Kristine Middlemiss,head of technology: Monsters Aliens Robots Zombies (2 episodes 2022),none,flexitarian
Ali Mio,visual effects producer: Rocket Science VFX (2 episodes 2022),none,vegetarian
Guto Miranda,compositing artist: Monsters Aliens Robots Zombies (1 episode 2022),none,flexitarian
Vashishta Mohit,compositing artist: NetFX Mumbai (1 episode 2022),none,flexitarian
Lon Molnar,head of studio: Monsters Aliens Robots Zombies (2 episodes 2022),none,no restriction
Jose Ignacio Narv ez Monroy,compositing lead: Mr. X (2 episodes 2022),none,vegetarian
Atyeb Muneer,compositing artist: Monsters Aliens Robots Zombies (1 episode 2022),none,vegetarian
Ganesh Ramdas Nalle,senior roto artist: NetFX Mumbai (1 episode 2022),none,vegetarian
Michael Naphan,layout artist: Rocket Science VFX (1 episode 2022),none,vegetarian
Marla Oriol,lighting artist: Monsters Aliens Robots Zombies (1 episode 2022),none,flexitarian
Daksh Pandya,visual effects artist (2 episodes 2022),none,no restriction
Niki Patterson,data technician: Stereo D (1 episode 2022),none,no restriction
Aravind Pauldurai,compositing artist: Monsters Aliens Robots Zombies (1 episode 2022),none,no restriction
Victor Perez,animation artist: Monsters Aliens Robots Zombies (1 episode 2022),none,no restriction
Navin Pinto,rigging artist: Monsters Aliens Robots Zombies (1 episode 2022),none,vegetarian
Norman Ran,fx lead: Rocket Science VFX (1 episode 2022),none,flexitarian
Parastu Rezaie,lighting lead: Monsters Aliens Robots Zombies (1 episode 2022),none,flexitarian
Jean-Christophe Rodier,rigging artist: Monsters Aliens Robots Zombies (1 episode 2022),none,flexitarian
Dmitry Ryabchuk,environment lead: Monsters Aliens Robots Zombies (1 episode 2022),none,flexitarian
Maryam Salehi,i/o: MELS (1 episode 2022),none,flexitarian
Rajvinder Sandhu,lighting artist: Monsters Aliens Robots Zombies (1 episode 2022),none,flexitarian
Eric Sanford,creature lead: Monsters Aliens Robots Zombies (1 episode 2022),none,flexitarian
Rohan Sapkal,junior roto artist: NetFX Mumbai (1 episode 2022),none,flexitarian
Alexandre Savard-Boisvert,digital compositor (1 episode 2022),none,vegetarian
Mark Schreiber,animator (1 episode 2022),none,vegetarian
Aryan Sehgal,utility compositor (1 episode 2022),none,flexitarian
Ronak Shah,fx lead: Monsters Aliens Robots Zombies (1 episode 2022),none,vegetarian
Neelima Sharma,compositor: NetFX Mumbai (1 episode 2022),none,vegetarian
Vishal Shitole,i/o coordinator: NetFX Mumbai (1 episode 2022),none,vegetarian
Casey Sincic,visual effects producer: Monsters Aliens Robots Zombies (2 episodes 2022),none,flexitarian
Lovelesh Singh,compositing artist: NetFX Mumbai (1 episode 2022),none,vegetarian
Kalpana Mahapatro Siromani,art director & mattepainting lead (1 episode 2022),none,no restriction
Joseph Soloway,visual effects coordinator: VFX Legion (1 episode 2022),none,no restriction
Meredith Sproul,show coordinator: Monsters Aliens Robots Zombies (1 episode 2022),none,vegetarian
Danny Testani,animation artist: Monsters Aliens Robots Zombies (1 episode 2022),none,no restriction
Ali Thaheem,creature artist: Monsters Aliens Robots Zombies (1 episode 2022),none,vegetarian
Hyacinthe Thomas,i/o: MELS (1 episode 2022),none,flexitarian
Phillip Thomas,animation artist: Monsters Aliens Robots Zombies (1 episode 2022),none,vegetarian
Susana Vasquez,visual effects production coordinator: Take 5 VFX (2 episodes 2022),none,flexitarian
Marcus Vinicius,i/o: MELS (1 episode 2022),none,no restriction
Louis Vottero,rigging lead: Monsters Aliens Robots Zombies (1 episode 2022),none,vegetarian
Tina Vuu,visual effects coordinator: VFX Legion (1 episode 2022),none,vegetarian
Tanja Wax,fx artist: Rocket Science VFX (1 episode 2022),none,flexitarian
Christina Wise,head of studio: MELS (1 episode 2022),none,no restriction
Jill Wu,digital matte painter: Monsters Aliens Robots Zombies (1 episode 2022),none,no restriction
Alphonso Young,matte painter: Take 5 VFX (2 episodes 2022),none,flexitarian
Refo Yovarda,visual effects production assistant: Stereo D (1 episode 2022),none,flexitarian
Virpalsinh Zala,compositing artist: Monsters Aliens Robots Zombies (1 episode 2022),none,no restriction
Abin Abraham,assets lead: MPC (uncredited) (8 episodes 2022),none,flexitarian
Adrian Bobb,creature artist (uncredited) (8 episodes 2022),none,vegetarian
Eddie Bonin,visual effects executive: Netflix (uncredited) (8 episodes 2022),none,vegetarian
R mi Bruschini,pipeline td (uncredited) (8 episodes 2022),none,no restriction
Binod Kumar Das,asset supervisor: MPC (uncredited) (8 episodes 2022),none,vegetarian
Tiago Foa,imaging engineer: Mr. X (uncredited) (8 episodes 2022),none,flexitarian
Jaime Fok,visual effects editorial lead (uncredited) (8 episodes 2022),none,vegetarian
J.P. Giamos,head of production: Rocket Science VFX (uncredited) (8 episodes 2022),none,flexitarian
Martin Hesselink,Animation Supervisor (uncredited) (8 episodes 2022),none,vegetarian
Rushikesh Chandrashekhar Kamble,3d digital matte painter (uncredited) (8 episodes 2022),none,no restriction
Daniel May,visual effects art direction (uncredited) (8 episodes 2022),none,vegetarian
Rachad Meya,lighting supervisor (uncredited) (8 episodes 2022),none,flexitarian
Shoupal Panda,texture & lookdev artist (uncredited) (8 episodes 2022),none,no restriction
Josephin Peichl,visual effects coordinator: Netflix (uncredited) (8 episodes 2022),none,flexitarian
Rakesh,3d digital matte painter lead (uncredited) (8 episodes 2022),none,flexitarian
Kim Rampaul,visual effects coordinator: Netflix (uncredited) (8 episodes 2022),none,flexitarian
Saha Saikat,texturing & lookdev artist (uncredited) (7 episodes 2022),none,vegetarian
Seema Schere,matte painter: Monsters Aliens Robots Zombies (uncredited) (8 episodes 2022),none,flexitarian
Surajit Senapati,3d artist (uncredited) (8 episodes 2022),none,flexitarian
Satyendra Sharma,compositor: MPC (uncredited) (8 episodes 2022),none,no restriction
Prathamesh Ashok Waykole,asset artist: MPC (uncredited) (8 episodes 2022),none,no restriction
Dean Wright,visual effects executive: MGM Television (uncredited) (8 episodes 2022),none,no restriction
Dylan Botnarenko,digital matte painter: MPC (uncredited) (6 episodes 2022),none,flexitarian
Arjun Jasmeet Chawla,digital compositor: MPC (uncredited) (5 episodes 2022),none,vegetarian
Dennis Tae Wook Kim,digital compositor (uncredited) (5 episodes 2022),none,no restriction
Hoss Ghaith,cg supervisor (uncredited) (3 episodes 2022),none,flexitarian
Solyi Ha,compositor: Folks VFX (uncredited) (4 episodes 2022),none,flexitarian
Caylee Han,compositor: Folks VFX (uncredited) (4 episodes 2022),none,vegetarian
Krista Wettlaufer,digital artist (uncredited) (3 episodes 2022),none,flexitarian
Christopher Lee Zammit,concept artist (uncredited) (4 episodes 2022),none,no restriction
Felipe Baldo,lighting artist: Folks VFX (uncredited) (3 episodes 2022),none,vegetarian
Marc-Antoine Blais,digital compositor (uncredited) (2 episodes 2022),none,flexitarian
Adrien Francomme,digital compositor (uncredited) (2 episodes 2022),none,flexitarian
Eduardo Gon alves,digital compositor: Monsters Aliens Robots Zombies (uncredited) (2 episodes 2022),none,flexitarian
Alexander Greenberg,senior compositor: Monsters Aliens Robots Zombies (uncredited) (2 episodes 2022),none,vegetarian
Prashant Jain,3d digital matte painter (uncredited) (3 episodes 2022),none,flexitarian
Hossein Karamian,compositor: Monsters Aliens Robots Zombies (uncredited) (2 episodes 2022),none,flexitarian
Giuseppe Motta,creature supervisor (uncredited) (3 episodes 2022),none,no restriction
Chokkarapu Sai Pradeep,visual effects lighting artist (uncredited) (2 episodes 2022),none,no restriction
Pedro Roloff,digital compositor (uncredited) (2 episodes 2022),none,vegetarian
Ilija Sazdovski,layout artist (uncredited) (3 episodes 2022),none,no restriction
Jason Schick,digital compositor (uncredited) (2 episodes 2022),none,no restriction
Christa Tazzeo,visual effects executive producer: Rocket Science VFX (uncredited) (3 episodes 2022),none,flexitarian
Sekh Batul Ali,visual effects artist (uncredited) (1 episode 2022),none,vegetarian
Luca Buonopane,key groom artist: MPC (uncredited) (1 episode 2022),none,flexitarian
Julian Fadalti,layout artist (uncredited) (1 episode 2022),none,no restriction
Nitin Garg,senior lookdev artist: Folks VFX (uncredited) (1 episode 2022),none,vegetarian
Avinash Kodali,lighting artist (uncredited) (1 episode 2022),none,vegetarian
Genevieve Morneau,digital compositor: MELS (uncredited) (1 episode 2022),none,vegetarian
Alex Park,matchmove artist: Folks VFX (uncredited) (1 episode 2022),none,vegetarian
Evan Roberts,lighting artist (uncredited) (1 episode 2022),none,no restriction
Pavankumar Sagiraju,lighting artist (uncredited) (1 episode 2022),none,flexitarian
Yulia Segura,compositor: Folks VFX (uncredited) (1 episode 2022),none,no restriction
Amarjit Singha,3d artist (uncredited) (1 episode 2022),none,flexitarian
Brett Chan,stunt coordinator (8 episodes 2022),none,no restriction
Ionut Cotruta,stunt rigger (8 episodes 2022),none,flexitarian
Jason Ng,assistant stunt coordinator / cover stunt coordinator (8 episodes 2022),none,vegetarian
Jenny Umbhau,stunt double: Jenna Ortega (8 episodes 2022),none,vegetarian
Fanel Ursu,stunt rigger (8 episodes 2022),none,no restriction
Andrei Vintileanu,stunt rigger (8 episodes 2022),none,flexitarian
Daniel Visan,stunts (8 episodes 2022),none,flexitarian
Nailah Johnson,stunt double: Joy Sunday / stunt performer (2 episodes 2022),none,vegetarian
Kinga Kives,stunt performer (3 episodes 2022),none,no restriction
Alexandre Lopoka,stunt double: Tommie Earl Jenkins (2 episodes 2022),none,vegetarian
Milena Brewster,stunt double: Johnna Dias-Watson (1 episode 2022),none,no restriction
Maxime Coulon,stunt double: Calum Ross (1 episode 2022),none,no restriction
Gabrielle Anne Desy,stunt double: Emma Myers (1 episode 2022),none,vegetarian
Victoria Goodman,stunt performer (1 episode 2022),none,vegetarian
Daniel Himschoot,stunt double: Percy White (1 episode 2022),none,flexitarian
Matt Kennedy,stunt performer (1 episode 2022),none,flexitarian
Kaanchana Kerr,stunt performer (2 episodes 2022),none,no restriction
Darlene Pineda,stunt performer (1 episode 2022),none,flexitarian
Phedra Syndelle,stunt double: Joy Sunday (1 episode 2022),none,vegetarian
Alexandra Vilcsek,stunt performer (1 episode 2022),none,vegetarian
Don t B nkuti,digital imaging technician: second unit (8 episodes 2022),none,vegetarian
Vlad Cioplea,still photographer (8 episodes 2022),none,no restriction
David Dorohoianu,second photography assistant (8 episodes 2022),none,no restriction
Omar Dughouz,"second assistant camera: ""a"" camera (8 episodes 2022)",none,no restriction
D niel Farkas,digital imaging technician (8 episodes 2022),none,flexitarian
Robert Fenichiu,electrician / lighting technician (8 episodes 2022),none,vegetarian
Cristi Fratoaica,second assistant camera: second unit (8 episodes 2022),none,no restriction
Toni Ilinca,video operator (8 episodes 2022),none,vegetarian
Ochiana Ionut,video assist operator (8 episodes 2022),none,vegetarian
Andrei Karastanef,"second assistant camera: ""a"" camera (8 episodes 2022)",none,no restriction
Brad Larner,"first assistant camera: ""a"" camera (8 episodes 2022)",none,flexitarian
Tudor Lucaciu,director of photography: second unit (8 episodes 2022),none,no restriction
Radu Marinescu,key grip (8 episodes 2022),none,no restriction
Florin Mihalache,gaffer (8 episodes 2022),none,vegetarian
Mihai Adrian Olteanu,best boy electric (8 episodes 2022),none,no restriction
Andrei Petrescu,electrician (8 episodes 2022),none,vegetarian
Liviu Pojoni Jr.,"camera operator: ""b"" camera (8 episodes 2022)",none,flexitarian
Florea Andrei Stefan,dimmerboard operator/lighting console programmer (8 episodes 2022),none,vegetarian
Viorel Stefan,crane operator (8 episodes 2022),none,flexitarian
Adelina Vancea,camera trainee (8 episodes 2022),none,no restriction
Petre Victor,"camera operator: ""b"" camera (8 episodes 2022)",none,vegetarian
Rob Arrowsmith,"camera operator: ""a"" camera/steadicam operator main unit (4 episodes 2022)",none,vegetarian
Andrei Cretan,"first assistant camera: ""b"" camera (4 episodes 2022)",none,no restriction
Fabrizio Sciarra,"camera operator: ""a"" camera/steadicam operator main unit (4 episodes 2022)",none,vegetarian
Boroka Biro,director of photography: epk (2 episodes 2022),none,no restriction
Valdas Gulbinauskas,video assistant: additional photography (2 episodes 2022),none,flexitarian
Matei Popa,second assistant camera: second unit (2 episodes 2022),none,no restriction
S ndor  rkus,data management technician (2 episodes 2022),none,no restriction
Cornel Biciu,underwater gaffer (1 episode 2022),none,vegetarian
Neil Bradley,ronin 2 technician: additional photography (1 episode 2022),none,vegetarian
Alexandru Durac,"camera operator: ""a"" camera/steadicam operator (1 episode 2022)",none,no restriction
Sarbu Gigi,key grip: second unit (1 episode 2022),none,vegetarian
Ben Parish,underwater assistant camera (1 episode 2022),none,flexitarian
Aurelian Radu,grip (2 episodes 2022),none,flexitarian
Ian Seabrook,underwater director of photography (1 episode 2022),none,no restriction
Constantin Stan,second unit (1 episode 2022),none,flexitarian
Alexandru Bogdan Stefan,crane technician (2 episodes 2022),none,no restriction
Bal zs V rszegi,data management technician (2 episodes 2022),none,vegetarian
Jens Winkler,underwater assistant camera (1 episode 2022),none,no restriction
Catalin Popa,photography assistant (uncredited) (8 episodes 2022),none,flexitarian
Peter Driscoll,key animator (1 episode 2022),none,flexitarian
Whitney Strouth,animator (uncredited) (1 episode 2022),none,flexitarian
Emily Bohbrink,casting associate (8 episodes 2022),none,vegetarian
Sin ad Donnelly,casting assistant: Jenna Ortega (8 episodes 2022),none,no restriction
Radu Dragoi,casting assistant (8 episodes 2022),none,vegetarian
Frankie Fearis,casting assistant (8 episodes 2022),none,flexitarian
Olissa Rogers,casting associate: Jenna Ortega (8 episodes 2022),none,vegetarian
Chandra Ruegg,casting associate (8 episodes 2022),none,no restriction
Fiona Weir,casting: Jenna Ortega (8 episodes 2022),none,flexitarian
Sarah Wilson,casting associate (8 episodes 2022),none,vegetarian
Maddalena Zuppetta,casting assistant (8 episodes 2022),none,vegetarian
George Ludlow,casting associate (3 episodes 2022),none,no restriction
Ioana Albaiu,wardrobe supervisor (8 episodes 2022),none,no restriction
Madalina Anton,breakdown artist (8 episodes 2022),none,flexitarian
Mattia Bionda,principal costume cutter (8 episodes 2022),none,flexitarian
Mariana Bujoi,costumer (8 episodes 2022),none,no restriction
Maria Ciucanu,wardrobe mistress (8 episodes 2022),none,vegetarian
Ylenia Comerci,principal seamstress (8 episodes 2022),none,vegetarian
Lavinia Dedu,set costumer (8 episodes 2022),none,flexitarian
Constantinescu Denisa,wardrobe assistant (8 episodes 2022),none,vegetarian
Andreea Dinu,principal standby (8 episodes 2022),none,flexitarian
Maria Endara,senior costume maker (8 episodes 2022),none,no restriction
Cristina Ghergheli,set costumer (8 episodes 2022),none,no restriction
Megan Howell,senior costume maker (8 episodes 2022),none,flexitarian
Daniela Ilin,set costumer (8 episodes 2022),none,vegetarian
Benjamin Ip,costume concept artist (8 episodes 2022),none,no restriction
Ana Lazar,wardrobe assistant (8 episodes 2022),none,vegetarian
Paula Lazaroni,breackdown artist (8 episodes 2022),none,vegetarian
Twan Lentjes,principal costume maker (8 episodes 2022),none,flexitarian
Ioana Mihailescu,wardrobe assistant / crowd standby costumer / crowd stand-by costumer (8 episodes 2022),none,no restriction
Alessio O'Driscoll,principle costume cutter (8 episodes 2022),none,flexitarian
Ioana Somanescu,principal standby (8 episodes 2022),none,flexitarian
Bobby Soutar,assistant costume designer (8 episodes 2022),none,flexitarian
Mark Sutherland,costume co-designer (8 episodes 2022),none,vegetarian
Beth Tilley,senior costume maker (8 episodes 2022),none,vegetarian
Jess Willcock-Stow,junior assistant costume designer / junior assistant costume designerr (8 episodes 2022),none,flexitarian
Elizabeta Zainea,wardrobe assistant (8 episodes 2022),none,flexitarian
Marta Airoli,principal seamstress (5 episodes 2022),none,no restriction
Ian Frazer Wallace,principle cutter (5 episodes 2022),none,vegetarian
Adina Bucur,costume supervisor (4 episodes 2022),none,flexitarian
Claudia Littlefield,costume supervisor (3 episodes 2022),none,flexitarian
Alina Caprian,additional costumer (1 episode 2022),none,no restriction
Madison D'Urbano,post-production assistant: Marc Graue Recording Studios (8 episodes 2022),none,flexitarian
Bogdan Geambasu,dailies operator (8 episodes 2022),none,vegetarian
Katherine Hul,post production supervisor (8 episodes 2022),none,vegetarian
Razvan Ilinca,assistant editor (8 episodes 2022),none,no restriction
Tom Mayclim,data manager: Company 3 (8 episodes 2022),none,vegetarian
Ian Passy,Color Assistant (8 episodes 2022),none,vegetarian
Sebastian Plamadeala,dailies supervisor (8 episodes 2022),none,no restriction
Carmen Rizac,dailies coordinator (8 episodes 2022),none,flexitarian
Joanne Rourke,senior colorist (7 episodes 2022),none,vegetarian
Alexandru Stoica,dailies operator (8 episodes 2022),none,no restriction
Ian Sullivan,finishing accountant (8 episodes 2022),none,vegetarian
Lavinia Terletchi,assistant editor (8 episodes 2022),none,flexitarian
Viktorija Tupikaite,data i/o operator (8 episodes 2022),none,vegetarian
Motassem Younes,on-line editor (8 episodes 2022),none,vegetarian
Galina Chakarova,first assistant editor (4 episodes 2022),none,flexitarian
Mihai Cosmin Popa,first assistant editor (4 episodes 2022),none,no restriction
Paul G. Day,additional editor (1 episode 2022),none,no restriction
Cristi Dogaru,assistant location manager (8 episodes 2022),none,vegetarian
Calin Hagima,location manager (8 episodes 2022),none,vegetarian
Tracey Savein,location scout (8 episodes 2022),none,no restriction
Alex Molea,supervising location manager (4 episodes 2022),none,vegetarian
Mircea Paraschiv,location manager (4 episodes 2022),none,vegetarian
Florin Patrascu,assistant location manager (4 episodes 2022),none,no restriction
Chris Bacon,composer: additional music (8 episodes 2022),none,vegetarian
Sarah Chapeck,music coordinator (8 episodes 2022),none,flexitarian
Norbert Elek,music preparation (8 episodes 2022),none,no restriction
Danny Elfman,theme music composer (8 episodes 2022),none,vegetarian
Peter Kohrman,technical score engineer (8 episodes 2022),none,no restriction
Jen Malone,music supervisor (8 episodes 2022),none,vegetarian
Mandy Mamlet,music executive (8 episodes 2022),none,no restriction
 lveti M ty s,cello solos by (8 episodes 2022),none,no restriction
Michael T. Ryan,music editor (8 episodes 2022),none,flexitarian
B lint Sapszon,contractor for Budapest Scoring (8 episodes 2022),none,flexitarian
Viktor Szab ,recording engineer (8 episodes 2022),none,vegetarian
Nicole Weisberg,music supervisor (8 episodes 2022),none,vegetarian
Shachar Boussani,score mix assistant (6 episodes 2022),none,vegetarian
Robert Litton,orchestrator (6 episodes 2022),none,no restriction
Noah Scot Snyder,music scoring mixer (6 episodes 2022),none,flexitarian
Esin Aydingoz,arranger (3 episodes 2022),none,vegetarian
Hemanth965,orchestrator: theme melody (3 episodes 2022),none,vegetarian
Steve Bartek,orchestrator (2 episodes 2022),none,vegetarian
Bence Bob k,score engineer (2 episodes 2022),none,vegetarian
David G. Russell,conforming (2 episodes 2022),none,no restriction
Greg Hayes,music scoring mixer (1 episode 2022),none,flexitarian
Bri Holland,singer (1 episode 2022),none,no restriction
Alfredo Pasquel,score mix assistant (1 episode 2022),none,flexitarian
Cristina B lea,assistant script supervisor (8 episodes 2022),none,no restriction
Monica Tatu,script supervisor (8 episodes 2022),none,no restriction
Daniel Sipocz,service driver (8 episodes 2022),none,no restriction
Pal Szil rd Levente,unit driver (8 episodes 2022),none,flexitarian
Priscila Amescua-Mendez,Support to co executive producer (8 episodes 2022),none,no restriction
Dogaru Silviu Andrei,unit production assistant / unit set assistant (8 episodes 2022),none,vegetarian
Aaron Becker,main title design (8 episodes 2022),none,flexitarian
Gergo Benkoczy,dog trainer (8 episodes 2022),none,no restriction
Dascalu Bogdan,unit production assistant (8 episodes 2022),none,vegetarian
Teo Bostanica,unit manager (8 episodes 2022),none,flexitarian
Alexandra Cranga,petty cash accountant (8 episodes 2022),none,vegetarian
Razvana Cristescu,first assistant accountant (8 episodes 2022),none,flexitarian
Claudia Dediu,producer's assistant (8 episodes 2022),none,vegetarian
Penny Dyer,dialect coach (8 episodes 2022),none,vegetarian
Zoltan Horkai,head animal trainer (8 episodes 2022),none,vegetarian
Ana Ineni,production secretary (8 episodes 2022),none,no restriction
Emanuel Gabriel Ion,testing coordinator assistant (8 episodes 2022),none,vegetarian
Gavriloaia Irina,assistant contracts coordinator (8 episodes 2022),none,vegetarian
Peter Ivanyi,head animal trainer (8 episodes 2022),none,flexitarian
Austin Kircher,post-production accountant (8 episodes 2022),none,vegetarian
Christopher Landry,epk host (8 episodes 2022),none,vegetarian
Nelson Moses Lassiter,production administration assistant (8 episodes 2022),none,flexitarian
Ioana Macarie,choreographer (8 episodes 2022),none,vegetarian
Cosmin Manea,payroll accountant (8 episodes 2022),none,vegetarian
Elle McAlpine,intimacy coordinator (8 episodes 2022),none,vegetarian
Troy James Miller,titles producer: Filmograph (8 episodes 2022),none,vegetarian
Dan Mirea,unit operations (8 episodes 2022),none,no restriction
Ioana Mititelu,assistant production coordinator (8 episodes 2022),none,no restriction
Kristine Popovici,office production assistant (8 episodes 2022),none,vegetarian
Aurel Nicolae Radu,assistant accountant (8 episodes 2022),none,vegetarian
Olesea Railean,production accountant (8 episodes 2022),none,flexitarian
Adrian Sabau,production coordinator (8 episodes 2022),none,flexitarian
Iulia Anamaria Sima,contracts coordinator (8 episodes 2022),none,vegetarian
Daniela Soare,production assistant (8 episodes 2022),none,vegetarian
Adam M. Stone,product placement coordinator (8 episodes 2022),none,no restriction
Cat Stone,product placement coordinator (8 episodes 2022),none,flexitarian
Georgiana Tamaga,travel coordinator (8 episodes 2022),none,no restriction
Logi Thorvaldsson,actors assistant (8 episodes 2022),none,flexitarian
Toria Turner,executive assistant (8 episodes 2022),none,vegetarian
Tony Wright,international liaison (8 episodes 2022),none,no restriction
Bianca Bumbacea,basecamp runner (7 episodes 2022),none,no restriction
Lindsay Moffat,production accountant (4 episodes 2022),none,flexitarian
Gunnar Sizemore,adr voice actor (4 episodes 2022),none,flexitarian
Bacula Sorin,caterer (3 episodes 2022),none,flexitarian
Monica Adam,petty cash (2 episodes 2022),none,no restriction
Liliana Chomsky,adr loop group (2 episodes 2022),none,flexitarian
Vanessa Coffey,intimacy coordinator (2 episodes 2022),none,no restriction
Marius Florescu,covid supervisor (2 episodes 2022),none,flexitarian
Marilyn Lindsay,prep accountant (2 episodes 2022),none,vegetarian
Rhidian Bridge,covid supervisor (1 episode 2022),none,flexitarian
Bianca Bumvacea,basecamp runner (1 episode 2022),none,no restriction
Luke Carroll,production secretary: additional photography (1 episode 2022),none,vegetarian
Ahmed El-Gallad,writer (1 episode 2022),none,flexitarian
Jorge Garcia Castro,consultant (1 episode 2022),none,no restriction
Adam Lannon,covid manager (1 episode 2022),none,vegetarian
Sarah McGuinness,dialect coach: James Clay Caroline Lawrie (1 episode 2022),none,vegetarian
Annabel Wilkin,first assistant accountant: UK (1 episode 2022),none,flexitarian
Eugene Shawn,assistant (uncredited) (8 episodes 2022),none,flexitarian
Ana Duarte,assistant to casting director (uncredited) (1 episode 2022),none,vegetarian
Isaac Sunderland,covid coordinator (uncredited) (1 episode 2022),none,vegetarian
Extra 1,storyboard artist,none,vegetarian
Extra 2,sound effects editor,none,vegetarian
Extra 3,supervising sound editor,none,flexitarian
Extra 4,supervising sound editor,none,no restriction
Extra 5,assistant art director,none,flexitarian
Extra 6,supervising sound editor,none,vegetarian
Extra 7,set designer,none,flexitarian
Extra 8,set designer,none,no restriction
Extra 9,set designer,none,flexitarian
Extra 10,supervising sound editor,none,vegetarian
Extra 11,set designer,none,flexitarian
Extra 12,supervising sound editor,none,flexitarian
Extra 13,set designer,none,flexitarian
Extra 14,supervising sound editor,none,vegetarian
Extra 15,sound effects editor,none,vegetarian
Extra 16,set designer,none,flexitarian
Extra 17,assistant art director,none,no restriction
Extra 18,set designer,none,no restriction
Extra 19,storyboard artist,none,no restriction
Extra 20,sound effects editor,none,flexitarian
Extra 21,supervising sound editor,none,no restriction
Extra 22,set designer,none,flexitarian
Extra 23,sound effects editor,none,no restriction
Extra 24,sound effects editor,none,vegetarian
Extra 25,set designer,none,flexitarian
Extra 26,storyboard artist,none,no restriction
Extra 27,sound effects editor,none,flexitarian
Extra 28,assistant art director,none,vegetarian
Extra 29,sound effects editor,none,vegetarian
Extra 30,assistant art director,none,no restriction
Extra 31,storyboard artist,none,flexitarian
Extra 32,supervising sound editor,none,no restriction
Extra 33,sound effects editor,none,vegetarian
Extra 34,sound effects editor,none,no restriction
Extra 35,set designer,none,flexitarian
Extra 36,set designer,none,no restriction
Extra 37,set designer,none,flexitarian
Extra 38,sound effects editor,none,no restriction
Extra 39,set designer,none,flexitarian
Extra 40,assistant art director,none,vegetarian
Extra 41,set designer,none,no restriction
Extra 42,set designer,none,no restriction
Extra 43,storyboard artist,none,flexitarian
Extra 44,sound effects editor,none,no restriction
Extra 45,set designer,none,flexitarian
Extra 46,assistant art director,none,flexitarian
Extra 47,assistant art director,none,flexitarian
Extra 48,storyboard artist,none,vegetarian
Extra 49,assistant art director,none,no restriction
Extra 50,set designer,none,vegetarian
Extra 51,set designer,none,flexitarian
Extra 52,assistant art director,none,no restriction
Extra 53,storyboard artist,none,no restriction
Extra 54,storyboard artist,none,vegetarian
Extra 55,set designer,none,vegetarian
Extra 56,sound effects editor,none,vegetarian
Extra 57,assistant art director,none,no restriction
Extra 58,set designer,none,flexitarian
Extra 59,storyboard artist,none,no restriction
Extra 60,assistant art director,none,flexitarian
Extra 61,sound effects editor,none,no restriction
Extra 62,assistant art director,none,vegetarian
Extra 63,set designer,none,vegetarian
Extra 64,supervising sound editor,none,vegetarian
Extra 65,storyboard artist,none,flexitarian
Extra 66,set designer,none,no restriction
Extra 67,storyboard artist,none,flexitarian
Extra 68,assistant art director,none,no restriction
Extra 69,storyboard artist,none,no restriction
Extra 70,set designer,none,flexitarian
Extra 71,supervising sound editor,none,flexitarian
Extra 72,storyboard artist,none,flexitarian
Extra 73,supervising sound editor,none,vegetarian
Extra 74,storyboard artist,none,vegetarian
Extra 75,set designer,none,no restriction
Extra 76,set designer,none,flexitarian
Extra 77,set designer,none,vegetarian
Extra 78,assistant art director,none,no restriction
Extra 79,supervising sound editor,none,vegetarian
Extra 80,supervising sound editor,none,flexitarian
Extra 81,sound effects editor,none,no restriction
Extra 82,supervising sound editor,none,vegetarian
Extra 83,set designer,none,flexitarian
Extra 84,supervising sound editor,none,no restriction
Extra 85,assistant art director,none,vegetarian
Extra 86,set designer,none,flexitarian
Extra 87,storyboard artist,none,vegetarian
Extra 88,assistant art director,none,flexitarian
Extra 89,assistant art director,none,no restriction
Extra 90,supervising sound editor,none,no restriction
Extra 91,set designer,none,flexitarian
Extra 92,set designer,none,flexitarian
Extra 93,sound effects editor,none,no restriction
Extra 94,set designer,none,vegetarian
Extra 95,set designer,none,no restriction
Extra 96,assistant art director,none,no restriction
Extra 97,assistant art director,none,no restriction
Extra 98,set designer,none,no restriction
Extra 99,storyboard artist,none,no restriction
Extra 100,set designer,none,vegetarian
Extra 101,set designer,none,no restriction
Extra 102,assistant art director,none,flexitarian
Extra 103,storyboard artist,none,flexitarian
Extra 104,sound effects editor,none,no restriction
Extra 105,sound effects editor,none,no restriction
Extra 106,supervising sound editor,none,flexitarian
Extra 107,set designer,none,vegetarian
Extra 108,sound effects editor,none,no restriction
Extra 109,assistant art director,none,no restriction
Extra 110,assistant art director,none,flexitarian
Extra 111,supervising sound editor,none,vegetarian
Extra 112,sound effects editor,none,vegetarian
Extra 113,supervising sound editor,none,flexitarian
Extra 114,storyboard artist,none,no restriction
Extra 115,storyboard artist,none,flexitarian
Extra 116,storyboard artist,none,vegetarian
Extra 117,set designer,none,flexitarian
Extra 118,sound effects editor,none,flexitarian
Extra 119,supervising sound editor,none,no restriction
Extra 120,sound effects editor,none,flexitarian
Extra 121,assistant art director,none,flexitarian
Extra 122,assistant art director,none,vegetarian
Extra 123,sound effects editor,none,no restriction
Extra 124,supervising sound editor,none,no restriction
Extra 125,storyboard artist,none,flexitarian
Extra 126,assistant art director,none,vegetarian
Extra 127,assistant art director,none,flexitarian
Extra 128,storyboard artist,none,no restriction
Extra 129,set designer,none,vegetarian
Extra 130,supervising sound editor,none,no restriction
Extra 131,set designer,none,flexitarian
Extra 132,storyboard artist,none,no restriction
