Tim Burton,regizor,niciunul,niciunul
James Marshall,regizor,niciunul,niciunul
Gandja Monteiro,regizor,niciunul,niciunul
Charles Addams,scriitor,niciunul,niciunul
Alfred Gough,scriitor,niciunul,niciunul
Miles Millar,scriitor,niciunul,niciunul
Kayla Alpert,scriitoare,niciunul,niciunul
April Blair,scriitoare,niciunul,niciunul
Matt Lambert,scriitor,niciunul,niciunul
Jenna Ortega,actor/actrita principal,clarviziune,niciunul
Gwendoline Christie,actor/actrita principal,uman,niciunul
Riki Lindhome,actor/actrita principal,uman,niciunul
Emma Myers,actor/actrita principal,varcolac,niciunul
Joy Sunday,actor/actrita principal,sirena,niciuna
Naomi J. Ogawa,actor/actrita principal,vampir,niciunul
Christina Ricci,actor/actrita principal,uman,niciunul
Jamie McShane,actor/actrita principal,uman,niciunul
Hunter Doohan,actor/actrita principal,uman,niciunul
Percy Hynes White,actor/actrita principal,uman,niciunul
Georgie Farmer,actor/actrita principal,uman,niciunul
Johnna Dias-Watson,actor/actrita,sirena,niciuna
Oliver Watson,actor/actrita,sirena,niciunul
Victor Dorobantu,actor/actrita,om,niciunul
Moosa Mostafa,actor/actrita principal,uman,niciunul
Daniel Himschoot,actor/actrita,om,niciunul
Luyanda Unati Lewis-Nyawo,actor/actrita,om,niciunul
Iman Marson,actor/actrita,om,niciunul
Calum Ross,actor/actrita,om,niciunul
Cezar Grumazescu,actor/actrita,om,niciuna
Tommie Earl Jenkins,actor/actrita,om,niciunul
Catherine Zeta-Jones,actor/actrita,clarviziune,niciunul
Morgan Beale,actor/actrita,om,niciunul
George Burcea,actor/actrita,om,niciunul
Islam Bouakkaz,actor/actrita,om,niciunul
William Houston,actor/actrita,om,niciunul
Karina Varadi,actor/actrita,clarviziune,niciunul
Rina Mahoney,actor/actrita,om,niciunul
Georgia Goodman,actor/actrita,om,niciunul
Murray McArthur,actor/actrita,om,niciunul
Fred Armisen,actor/actrita,om,niciunul
Luis Guzman,actor/actrita,om,niciunul
Olimpia Malai,actor/actrita,om,niciuna
Isaac Ordonez,actor/actrita,om,niciunul
Nitin Ganatra,actor/actrita,om,niciunul
Lucius Hoyos,actor/actrita,om,niciunul
Cheherezade Valentine Okotaka Ebale,actor/actrita,om,niciunul
Oliver Wickham,actor/actrita,om,niciunul
Edward Kennedy,actor/actrita,vampir,niciunul
Ismail Kesu,actor/actrita,om,niciunul
Caroline Lawrie,actor/actrita,om,niciunul
Lachele Carl,actor/actrita,om,niciunul
Gwen Jones,actor/actrita,clarviziune,niciunul
Lisa O'Hare,actor/actrita,om,niciunul
Sophia Nomvete,actor/actrita,om,niciunul
Ichiro Yuki,actor/actrita,vampir,niciunul
Amanda Drew,actor/actrita,varcolac,niciunul
Ryan Ellsworth,actor/actrita,varcolac,niciunul
Gloria Garcia,actor/actrita,om,niciunul
Gracy Goldman,actor/actrita,sirena,niciuna
Lewis Hayes,actor/actrita,om,niciunul
Philip Rosch,actor/actrita,om,niciunul
Michael Okele,actor/actrita,om,niciunul
Chloe Cate,actor/actrita,om,niciunul
Kayla Alpert,producator executiv,niciunul,niciunul
Gail Berman,producator executiv,niciunul,niciunul
Tim Burton,producator executiv,niciunul,niciunul
Jonathan Glickman,producator executiv,niciunul,niciunul
Carla Gonz lez Vargas,co-producator executiv,niciunul,niciunul
Alfred Gough,producator executiv,niciunul,niciunul
Tommy Harper,producator executiv,niciunul,niciunul
Nick Iannelli,co-producator,niciunul,niciunul
Kevin Lafferty,producator executiv,niciunul,niciunul
Miles Millar,producator executiv,niciunul,niciunul
David Minkowski,co-producator executiv,niciunul,niciunul
Kevin Miserocchi,producator executiv,niciunul,niciunul
Andrew Mittman,producator executiv,niciunul,niciunul
Carmen Pepelea,producatoare,niciuna,niciuna
Steve Stark,producator executiv,niciunul,niciunul
Natalie Testa,producator asociat,niciunul,niciunul
Todd Williams,co-producator executiv,niciunul,niciunul
Chris Bacon,muzica,niciunul,niciunul
Danny Elfman,muzica,niciunul,niciunul
Stephan Pehrsson,cinematografie,niciunul,niciunul
David Lanzenberg,cinematografie,niciunul,niciunul
Ana Yavari,montaj film,niciunul,niciunul
Jay Prychidny,montaj de film,niciunul,niciunul
Paul G. Day,montaj de film,niciunul,niciunul
Florina Fernandes,casting,niciunul,niciunul
Sophie Holland,casting,niciunul,niciunul
John Papsidera,casting,niciunul,niciunul
Mark Scruton,design de producție,niciunul,niciunul
Adrian Curelea,supervizor art director,niciunul,niciunul
Ghinea Diana,regie artistică,niciunul,niciunul
Silvia Nancu,regie artistică,niciunul,niciunul
Andrei-Florian Popa,asistent art director / suplimentar standby art director,none,none
Serban Porupca,art director senior (8 episoade 2022),none,none
Vlad Roseanu,art director / art director pe platou (8 episoade 2022),none,none
Roxana Alexandru,directie artistica (3 episoade 2022),niciuna,niciuna
Carmen Ratoi,regie artistica (3 episoade 2022),niciuna,niciuna
Laurentiu Zarnoianu,regie de set (8 episoade 2022),niciuna,niciuna
David Morison,regie setată (4 episoade 2022),niciunul,niciunul
Rob Hepburn,regie setată (4 episoade 2022),niciunul,niciunul
Colleen Atwood,design de costume (8 episoade 2022),niciunul,niciunul
Bianca Boeroiu,makeup artist (8 episoade 2022),niciuna,niciuna
Catalin Ciutu,hair stylist supervisor: crowd (8 episoade 2022),none,none
Natalie L Costello,artist cu efecte speciale de machiaj (8 episoade 2022),niciunul,niciunul
Julian Hutcheson,artist cu efecte speciale de machiaj (8 episoade 2022),niciunul,niciunul
Nirvana Jalalvand,artist de coafură și machiaj: echipa principală (8 episoade 2022),niciunul,niciunul
Grace McComisky,artist protezist / machiaj protetic (8 episoade 2022),niciunul,niciunul
Tara McDonald,designer de coafură și machiaj (8 episoade 2022),niciunul,niciunul
Dominic Mombrun,designer și producător de efecte dentare (8 episoade 2022),niciunul,niciunul
Angela Ruiz Morales,artist de protezare (8 episoade 2022),niciunul,niciunul
Paraschiv Oana,makeup artist (8 episoade 2022),none,none
Alexandru Sassu,asistent makeup artist (8 episoade 2022),niciunul,niciunul
Bas Schwarz,artist de machiaj cu efecte speciale: mouldmaker & props (8 episoade 2022),niciunul,niciunul
Rub n Serra,artist cu efecte speciale de machiaj (8 episoade 2022),niciunul,niciunul
Margo Stefan,hair stylist (8 episoade 2022),niciunul,niciunul
Viktoria Stieber,artist de machiaj protetic (8 episoade 2022),niciunul,niciunul
Sinead Sweeney,coordonator lentile de contact SFX (8 episoade 2022),niciunul,niciunul
Iuliana Temelie,hair stylist (8 episoade 2022),none,none
Clara Tudose,artist de coafură și machiaj (8 episoade 2022),niciunul,niciunul
Raquel lvarez,sculptor de machiaj protetic (8 episoade 2022),niciunul,niciunul
Freda Ellis,supraveghetor de machiaj (6 episoade 2022),niciunul,niciunul
Ripley Dale-Gulston,artist junior de coafură și machiaj (6 episoade 2022),niciunul,niciunul
Olimpia Stoicea,hair & makeup artist: echipa principală (6 episoade 2022),none,none
Tia Costell,artist junior de coafură și machiaj (4 episoade 2022),niciunul,niciunul
Susan Cole,hair stylist personal: Luis Guzman (4 episoade 2022),niciunul,niciunul
Jean Carlos de Blas,artist cheie de coafură și machiaj (4 episoade 2022),niciunul,niciunul
Gabriella Havens,artist de machiaj (3 episoade 2022),niciunul,niciunul
Sheherezada Kouchaki,artist de machiaj (4 episoade 2022),niciunul,niciunul
Raluca Moldoveanu,makeup artist (4 episoade 2022),none,none
Andrea Dardea Tesdall,artist cu efecte speciale de machiaj (3 episoade 2022),niciunul,niciunul
Nicoleta Toader,hair stylist: distributie (4 episoade 2022),niciuna,niciuna
Natalie Fox,artist suplimentar de coafură și machiaj (2 episoade 2022),niciunul,niciunul
Niki De Jong,artist de machiaj protetic (1 episod 2022),niciunul,niciunul
Ionel Popa,artist cu efecte speciale de machiaj (1 episod 2022),none,none
Athina Sapanidis,artist de machiaj protetic (1 episod 2022),niciunul,niciunul
Razvan Badea,unitate director productie/director productie (8 episoade 2022),niciuna,niciuna
Irene Iovan Calangiu,director producție unitate sănătate și siguranță: covid (8 episoade 2022),none,none
Alexandru Cseh,manager producție: unitate a doua (8 episoade 2022),niciunul,niciunul
Emma Mallett,director de producție al unității: fotografie suplimentară (1 episod 2022),niciunul,niciunul
Alexandru Acsinte,asistent regizor (8 episoade 2022),niciuna,niciuna
Emilie Balusson,al doilea asistent de regie / al doilea asistent de regie (8 episoade 2022),niciunul,niciunul
Bianca Bumbacea,asistent regizor (8 episoade 2022),niciuna,niciuna
Simona Dinu,asistent regizor secund (8 episoade 2022),niciuna,niciuna
Mariana Grama,al doilea asistent de regie (8 episoade 2022),niciunul,niciunul
Mircea Hategan,prim asistent regizor (8 episoade 2022),niciuna,niciuna
Stefania Ispas,stagiar asistent regizor (8 episoade 2022),niciunul,niciunul
Loyzo,al treilea asistent de regie (8 episoade 2022),niciunul,niciunul
Raphael Tudor,al treilea asistent regizor (8 episoade 2022),niciunul,niciunul
Costin Sforaru,asistent regizor (7 episoade 2022),niciuna,niciuna
Sabina Balan,primul asistent regizor (6 episoade 2022),niciunul,niciunul
Brett Chan,regizor al unității a doua (6 episoade 2022),niciunul,niciunul
Ada Dumitru,asistent de distributie (6 episoade 2022),niciuna,niciuna
Emyr Glyn Rees,al doilea asistent regizor / prim asistent regizor (6 episoade 2022),niciunul,niciunul
Jessica Kirec,al doilea asistent regizor (4 episoade 2022),niciunul,niciunul
George Walker,primul asistent regizor (4 episoade 2022),niciunul,niciunul
Richard O'Brien-Moran,primul asistent regizor (2 episoade 2022),niciunul,niciunul
Mihaela Ionita,asistent al doilea regizor (2 episoade 2022),niciuna,niciuna
Alexandra Popa,mulțimea secundă asistent regizor (1 episod 2022),none,none
Alexandru Trandafira,asistent regizor crowd (2 episoade 2022),niciunul,niciunul
Sucioaia Alexandra,pictorita de decor (8 episoade 2022),niciuna,niciuna
Tache Alexandru,designer grafic (8 episoade 2022),niciuna,niciuna
Corneliu Mihai Bonciu,sculptor (8 episoade 2022),none,none
Rachel Garlick,artist de storyboard (8 episoade 2022),niciunul,niciunul
Florin Gavrila,pictor principal vestimentar decor (8 episoade 2022),niciuna,niciuna
Adi Handac,proprietar de proprietate (8 episoade 2022),niciunul,niciunul
Dana Ilie,manager departament artă (8 episoade 2022),niciunul,niciunul
Alexandru Titus Ipate,supervizor vehicule de actiune (8 episoade 2022),niciuna,niciuna
Simona Maican,coordonator departament artă (8 episoade 2022),niciunul,niciunul
Cristian Mihaila,asistent decor / cumparator decor (8 episoade 2022),niciuna,niciuna
Cosmin Miroiu,head of greenery (8 episoade 2022),none,none
Amalia Mititelu,pictorita de decoruri (8 episoade 2022),niciuna,niciuna
Pietro Nume,artist de concept (8 episoade 2022),niciunul,niciunul
Iulia Petrescu,asistent decor (8 episoade 2022),niciuna,niciuna
Madalina Ripanu,coordonator clearance (8 episoade 2022),none,none
Geaniloni Sandru,pictor principal (8 episoade 2022),niciunul,niciunul
Eusebiu Sirbu,designer grafic sef (8 episoade 2022),niciuna,niciuna
Cristina Stefan,designer grafic (8 episoade 2022),niciuna,niciuna
Alexandra Tudor,asistent art director (8 episoade 2022),none,none
Laurentiu Zarnoianu,leadman (8 episoade 2022),none,none
Liviu Antonescu,designer grafic (6 episoade 2022),niciuna,niciuna
Madalina Ciosu,scenografia (6 episoade 2022),niciuna,niciuna
Tudor Iordachescu,scenografia (6 episoade 2022),niciuna,niciuna
Anca Iscru,scenografia (6 episoade 2022),niciuna,niciuna
Ana Neag,asistent art director (6 episoade 2022),none,none
Iulia Pasarica,asistent art director (6 episoade 2022),none,none
Andreea Siminea,scenografia (6 episoade 2022),niciuna,niciuna
Amy Lockwood,asistent decorator (4 episoade 2022),niciunul,niciunul
Andrew Cherry,artist de storyboard (3 episoade 2022),niciunul,niciunul
Cristian Darstar,storyboard artist (3 episoade 2022),none,none
Adrian Curelea,supervizor art director (2 episoade 2022),none,none
Serban Porupca,art director senior (2 episoade 2022),none,none
Radu Costache,asistent maestru imobiliar (1 episod 2022),niciuna,niciuna
Jennifer Keen,cumpărător de decorațiuni pentru primul set (1 episod 2022),niciunul,niciunul
Karen Krizanovich,cercetător în design de producție (1 episod 2022),niciunul,niciunul
Ben Livingstone,ilustrator (1 episod 2022),niciunul,niciunul
Yohann Angelvy,mixer francez de casting (8 episoade 2022),niciunul,niciunul
Michael Baskerville,mixer de reînregistrare (8 episoade 2022),niciunul,niciunul
Nicolae Comarzan,mixer de sunet: unitate a doua (8 episoade 2022),niciunul,niciunul
Tony Diaz,adr mixer (8 episoade 2022),niciunul,niciunul
Arturo A. Fuenmayor,asistent de mixare de reînregistrare / mixer suplimentar de reînregistrare (8 episoade 2022),niciunul,niciunul
Alastair Gray,editor de dialog (8 episoade 2022),niciunul,niciunul
Justin Helle,foley mixer (8 episoade 2022),niciunul,niciunul
John Loranger,supervizor editor de sunet (8 episoade 2022),niciunul,niciunul
Liviu Lupsa,sound mixer (8 episoade 2022),none,none
Kristi McIntyre,editor adr / editor de efecte sonore (8 episoade 2022),niciunul,niciunul
Sean Miller,recordist adr (8 episoade 2022),niciunul,niciunul
Faustine Pelipel,asistent editor de sunet (8 episoade 2022),niciunul,niciunul
Dan Sexton,editor de efecte sonore (8 episoade 2022),niciunul,niciunul
Alex Stylianou,recordist adr (8 episoade 2022),niciunul,niciunul
Jamie Sulek,mixer de reînregistrare (8 episoade 2022),niciunul,niciunul
Mike Tehrani,mixer adr (8 episoade 2022),niciunul,niciunul
Marcus Byrne,mixer adr (7 episoade 2022),niciunul,niciunul
Greg Crawford,mixer adr (7 episoade 2022),niciunul,niciunul
Juan Martin Del Campo,mixer adr (7 episoade 2022),niciunul,niciunul
Tim McKeever,mixer adr (7 episoade 2022),niciunul,niciunul
Simon Diggins,adr mixer (6 episoade 2022),niciunul,niciunul
Jonathan Gomez,mixer adr (4 episoade 2022),niciunul,niciunul
Nathan Jackson,editor Foley (1 episod 2022),niciunul,niciunul
William Kellerman,artist foley (1 episod 2022),niciunul,niciunul
Leslie Liu,adr mixer (2 episoade 2022),none,none
Ana Quiroga,coordonator audio (necreditat) (8 episoade 2022),niciunul,niciunul
Dan Barcutean,tehnician efecte speciale (8 episoade 2022),niciunul,niciunul
Max Costello,tehnician efecte speciale (7 episoade 2022),niciunul,niciunul
Florin Stoian,tehnician efecte speciale (8 episoade 2022),niciuna,niciuna
Harry Troughton,coordonator efecte speciale (8 episoade 2022),niciunul,niciunul
Jason Troughton,supervizor efecte speciale (8 episoade 2022),niciunul,niciunul
Adrian Nica,tehnician principal (4 episoade 2022),niciunul,niciunul
Ilinca Angelescu,machiaj cu efecte speciale (1 episod 2022),niciuna,niciuna
Yovko Dogandjiiski,supraveghetor efecte speciale (2 episoade 2022),niciunul,niciunul
Antonia Tocheva,coordonator birou efecte speciale (2 episoade 2022),niciuna,niciuna
Matthew Adams,compozitor digital: Ghost VFX Toronto (8 episoade 2022),niciunul,niciunul
Oana Bardan,coordonator efecte vizuale (8 episoade 2022),niciuna,niciuna
Craig Calvert,supraveghetor efecte vizuale: Mr. X (8 episoade 2022),niciunul,niciunul
Kevin Chandoo,șef de studio: Ghost VFX Toronto (8 episoade 2022),niciunul,niciunul
Nick Colangelo,producător de efecte vizuale: Mr. X (8 episoade 2022),niciunul,niciunul
John Coldrick,supraveghetor efecte vizuale: Rocket Science VFX (8 episoade 2022),niciunul,niciunul
Sam Cole,principal: Mr. X (8 episoade 2022),niciunul,niciunul
Chris Cooper,supraveghetor cg: Mr. X (8 episoade 2022),niciunul,niciunul
Roger Dalupang,lead render wrangler/pipeline td (8 episoade 2022),niciunul,niciunul
Swedyl DSouza,director de producție de efecte vizuale (8 episoade 2022),niciunul,niciunul
Maxime Ducharme,artist cu efecte vizuale: MELS (2 episoade 2022),niciunul,niciunul
Paula Fanaia,compozitor digital: Ghost VFX Toronto (8 episoade 2022),none,none
Mariah Fleetham,asistent de producție de efecte vizuale: Take 5 VFX (8 episoade 2022),niciunul,niciunul
Kathryn Foster,editor de efecte vizuale: Ghost VFX Toronto (8 episoade 2022),niciunul,niciunul
Ben Funk,compozitor principal: Take 5 VFX (8 episoade 2022),niciunul,niciunul
Keith Goh,editor asistent pentru efecte vizuale: MPC (8 episoade 2022),niciunul,niciunul
Kari-Lyn Gravel,producător asociat de efecte vizuale: Stereo D (8 episoade 2022),niciunul,niciunul
Jon Howard,producător de efecte vizuale: Ghost VFX Toronto (6 episoade 2022),niciunul,niciunul
Kent Johnson,producător de efecte vizuale (8 episoade 2022),niciunul,niciunul
Anna Joukova,compozitor: Take 5 VFX / compozitor efecte vizuale: Take 5 VFX (8 episoade 2022),none,none
Jesse Kawzenuk,supraveghetor de efecte vizuale pe platoul de filmare (8 episoade 2022),niciunul,niciunul
Grant Lee,supraveghetor efecte vizuale: Stereo D (8 episoade 2022),niciunul,niciunul
Jake Lunt Davies,concept design (8 episoade 2022),niciunul,niciunul
Dumitrana Teodora Lupu,asistenta productie efecte vizuale (8 episoade 2022),niciuna,niciuna
Amy Madigan,director de producție de efecte vizuale: Stereo D (8 episoade 2022),niciunul,niciunul
Yael Majors,supraveghetor asistent pentru efecte vizuale: Stereo D (3 episoade 2022),niciunul,niciunul
Mariano Mendoza,conducerea activelor: Mr. X (8 episoade 2022),niciunul,niciunul
Guillermo Molina,dezvoltator principal de instrumente (8 episoade 2022),niciunul,niciunul
Skye Morandin,director de producție de efecte vizuale: Stereo D (8 episoade 2022),niciunul,niciunul
Tom Nagy,supervizor animație: Mr. X (8 episoade 2022),niciunul,niciunul
Ken Nielsen,supervizor compoziție: Ghost VFX Toronto (8 episoade 2022),niciunul,niciunul
Razvan Nineaca,data wrangler (8 episoade 2022),none,none
Anthony O'Connell,Render Wrangler (8 episoade 2022),niciunul,niciunul
Catalin Otelea,data wrangler (8 episoade 2022),none,none
Matei Ovejan,data wrangler (8 episoade 2022),none,none
Alessandro Pantanella,supraveghetor efecte vizuale: Ghost VFX Toronto (8 episoade 2022),niciunul,niciunul
Travis Pond,compozitor: Take 5 VFX (8 episoade 2022),none,none
Yawar Raja,principalul aspect: Mr. X (8 episoade 2022),niciunul,niciunul
Aditya Sawant,coordonator efecte vizuale: Ghost VFX Toronto (8 episoade 2022),niciunul,niciunul
Matt Schofield,șef de operațiuni vfx (8 episoade 2022),niciunul,niciunul
Ksenia Shutova,compozitor: Take 5 VFX (8 episoade 2022),none,none
Mark Simone,producător de efecte vizuale: Stereo D (8 episoade 2022),niciunul,niciunul
Denis St-Pierre,compozitor: Take 5 VFX (8 episoade 2022),none,none
Ryan Terk,coordonator senior efecte vizuale / coordonator efecte vizuale: MELS (8 episoade 2022),niciunul,niciunul
Jason Teske,lider: Mr. X (8 episoade 2022),niciunul,niciunul
Tom Turnbull,supraveghetor efecte vizuale (8 episoade 2022),niciunul,niciunul
Fabi n Varela,producător de efecte vizuale: Ghost VFX Toronto (8 episoade 2022),niciunul,niciunul
Kelly Weisz,manager de studio de efecte vizuale: Take 5 VFX (8 episoade 2022),niciunul,niciunul
Angela Zhang,director de producție de efecte vizuale: Mr. X (8 episoade 2022),niciunul,niciunul
Kayden Anderson,producător de efecte vizuale: Rocket Science VFX (7 episoade 2022),niciunul,niciunul
Eddie Englander,supraveghetor efecte vizuale: Monsters Aliens Robots Zombies (2 episoade 2022),niciunul,niciunul
Rashid Khallouk,compoziție principală: Mr. X (6 episoade 2022),niciunul,niciunul
Timothy Mah,editor de efecte vizuale: Rocket Science VFX (7 episoade 2022),niciunul,niciunul
Michael Osuszek,coordonator efecte vizuale: Rocket Science VFX (7 episoade 2022),niciunul,niciunul
Rodrigo Paiva,compoziție principală: Monsters Aliens Robots Zombies (1 episod 2022),niciunul,niciunul
Suresh Pandi,compozitor principal: Rocket Science VFX / compozitor: Rocket Science VFX (7 episoade 2022),niciunul,niciunul
Francois Robert,matchmove/layout artist: MELS (3 episoade 2022),none,none
Adam Smith,compozitor principal: Rocket Science VFX (7 episoade 2022),niciunul,niciunul
Sarvesh Amre,director de producție de efecte vizuale: NetFX Mumbai (6 episoade 2022),niciunul,niciunul
Beno t Bri re,supraveghetor efecte vizuale: MELS (6 episoade 2022),niciunul,niciunul
Paul Chambers,supraveghetor de active: Monsters Aliens Robots Zombies (1 episod 2022),niciunul,niciunul
Dipak Gaur,compozitor digital: Ghost VFX Toronto (6 episoade 2022),niciunul,niciunul
Taraknath Ghosh,artist de pictură: Stereo D (5 episoade 2022),niciunul,niciunul
Baz Lanaris,supraveghetor cg: MELS (6 episoade 2022),niciunul,niciunul
Prateek Mishra,artist de pictură: Stereo D (5 episoade 2022),niciunul,niciunul
Erin Nicholson,supraveghetor cg: Ghost VFX Toronto (6 episoade 2022),niciunul,niciunul
Bikram Singh,artist de pictură: Stereo D (5 episoade 2022),niciunul,niciunul
Khushroo Surveyor,mai ușor de efecte vizuale: Rocket Science VFX (5 episoade 2022),niciunul,niciunul
Ramesh Kumar Yanagandhula,artist de pictură: Stereo D (5 episoade 2022),niciunul,niciunul
Lynx Zuo,compozitor digital: Ghost VFX Toronto (6 episoade 2022),niciunul,niciunul
Patti Gannon,compozitor: Take 5 VFX (4 episoade 2022),none,none
Tanya Haddad,producător de efecte vizuale: Folks VFX (5 episoade 2022),niciunul,niciunul
JoAnna Johnson,compozitor: Rocket Science VFX (4 episoade 2022),niciunul,niciunul
Luca Lim Diniz,artist cu efecte vizuale: MELS (4 episoade 2022),niciunul,niciunul
Brodie McNeill,supraveghetor efecte vizuale: Folks VFX (5 episoade 2022),niciunul,niciunul
Tabata Ortiz,artist de efecte vizuale: MELS (4 episoade 2022),niciunul,niciunul
Nishant Patel,brichetă cu efecte vizuale: Rocket Science VFX (1 episod 2022),niciunul,niciunul
Umapathy Rajarathinam,compozitor: Rocket Science VFX (4 episoade 2022),niciunul,niciunul
Genesis Rivas,compozitor: Take 5 VFX (4 episoade 2022),none,none
Manish Rohith,artist de compoziție: Monsters Aliens Robots Zombies (1 episod 2022),niciunul,niciunul
Luca Gabriele Rossetti,pictor digital mat/supervizor de mediu: Monsters Aliens Robots Zombies (1 episod 2022),niciunul,niciunul
Salil Thapa,producător de linii de efecte vizuale: NetFX Mumbai (5 episoade 2022),niciunul,niciunul
Fran ois Trudel,artist cu efecte vizuale: MELS / supraveghetor efecte vizuale: MELS (4 episoade 2022),niciunul,niciunul
Wesley While,compozitor: Take 5 VFX (5 episoade 2022),none,none
Kaylie Whitcher,producător de efecte vizuale: Folks VFX (5 episoade 2022),niciunul,niciunul
Sarah Wormsbecher,producător executiv de efecte vizuale: Folks VFX (5 episoade 2022),niciunul,niciunul
Summer Zong,supraveghetor cg: Folks VFX (5 episoade 2022),niciunul,niciunul
Oksana Andrulis,manager producție efecte vizuale: Folks VFX / coordonator animație: Folks VFX (3 episoade 2022),niciunul,niciunul
David Dionne,artist cu efecte vizuale: MELS (2 episoade 2022),niciunul,niciunul
Josh George,principal fx: Folks VFX (3 episoade 2022),niciunul,niciunul
James Takashi Higuchi,supraveghetor lumini: Monsters Aliens Robots Zombies (1 episod 2022),niciunul,niciunul
Christopher Jude,compozitor: Rocket Science VFX (3 episoade 2022),niciunul,niciunul
Jos Lasa,compozitor: Rocket Science VFX / efecte vizuale lighter: Rocket Science VFX (3 episoade 2022),niciunul,niciunul
Marco Lee,supervizor compoziție: Folks VFX (3 episoade 2022),niciunul,niciunul
Dinaaz Mathur,coordonator producție de efecte vizuale: NetFX Mumbai (4 episoade 2022),niciunul,niciunul
Ben McDougal,conducător la suprafață: Monsters Aliens Robots Zombies (4 episoade 2022),niciunul,niciunul
Sumit Mukherjee,supraveghetor de vopsire: NetFX Mumbai (4 episoade 2022),niciunul,niciunul
Isha Nigam,șef de producție: NetFX Mumbai (4 episoade 2022),niciunul,niciunul
Ryan Jae Wook Park,supraveghetor aspect: Folks VFX (3 episoade 2022),niciunul,niciunul
Gustavo Sanchez-Perez,supraveghetor fx: Monsters Aliens Robots Zombies (1 episod 2022),niciunul,niciunul
Kyle Sim,șeful 2d: Folks VFX (4 episoade 2022),niciunul,niciunul
Pankaj Umbarkar,vopsea junior: NetFX Mumbai (4 episoade 2022),niciunul,niciunul
Sahil Agrahari,artist de pictură junior: NetFX Mumbai (2 episoade 2022),niciunul,niciunul
Chris Archinet,artist cu efecte vizuale: MELS (2 episoade 2022),niciunul,niciunul
Ajay Kumar Attinti,principalul rol: NetFX Mumbai (3 episoade 2022),niciunul,niciunul
Samuel Boisvert,artist cu efecte vizuale: MELS (2 episoade 2022),niciunul,niciunul
Reine Bourgault,artist cu efecte vizuale: MELS (2 episoade 2022),niciunul,niciunul
Aakash Chaudhari,artist roto: NetFX Mumbai (2 episoade 2022),niciunul,niciunul
Dave David,artist de animație: Monsters Aliens Robots Zombies (1 episod 2022),niciunul,niciunul
Amod Diwakar,asistent producător de linii de efecte vizuale: Stereo D / producător de linie asistent de efecte vizuale: Stereo D (3 episoade 2022),niciunul,niciunul
Nadine Fr ve,editor principal de efecte vizuale: Folks VFX / editor de efecte vizuale: Folks VFX (2 episoade 2022),niciunul,niciunul
Mark Goldberg,compozitor (2 episoade 2022),niciunul,niciunul
Leonardo Andres Grabau Villalba,artist cu efecte vizuale: MELS (2 episoade 2022),niciunul,niciunul
Jonathan Gr goire,artist cu efecte vizuale: MELS (3 episoade 2022),niciunul,niciunul
Jeanne Hebert,artist cu efecte vizuale: MELS (2 episoade 2022),niciunul,niciunul
Pravin Hodage,supervizor 2d: NetFX Mumbai (2 episoade 2022),niciunul,niciunul
Cory Humes,supervizor animație: Folks VFX (3 episoade 2022),niciunul,niciunul
Siddarth Jambhulkar,compozitor: Rocket Science VFX (2 episoade 2022),niciunul,niciunul
Mukesh Joshi,coordonator senior i/o: NetFX Mumbai (2 episoade 2022),niciunul,niciunul
Simon Lecavalier,supraveghetor cg: MELS (2 episoade 2022),niciunul,niciunul
Christophe Longtin,artist cu efecte vizuale: MELS (2 episoade 2022),niciunul,niciunul
Oleg Memukhin,supervizor fx: Folks VFX (3 episoade 2022),niciunul,niciunul
Waseem Mohammed,șeful producției centrale: Monsters Aliens Robots Zombies (2 episoade 2022),niciunul,niciunul
Dany Richard,artist cu efecte vizuale: MELS (2 episoade 2022),niciunul,niciunul
Nisarg Suthar,supraveghetor iluminat: Folks VFX (3 episoade 2022),niciunul,niciunul
Nitesh Sutrave,supervizor compoziție: NetFX Mumbai (3 episoade 2022),niciunul,niciunul
Sarvesh Talekar,artist roto: NetFX Mumbai (2 episoade 2022),niciunul,niciunul
Himani Tyagi,artist de pictură junior: NetFX Mumbai (2 episoade 2022),niciunul,niciunul
Waseem Ahmad Khan,artist de pictură: Stereo D (1 episod 2022),niciunul,niciunul
Rodrigo Albano,artist de mediu: Monsters Aliens Robots Zombies (1 episod 2022),niciunul,niciunul
Don Carlo Alvir,artist de animație: Monsters Aliens Robots Zombies (1 episod 2022),niciunul,niciunul
Leanndro Amorim,artist de compoziție: Monsters Aliens Robots Zombies (1 episod 2022),niciunul,niciunul
Seshadri Anand,coordonator de urmărire/aspect: Monsters Aliens Robots Zombies (1 episod 2022),niciunul,niciunul
Blake Anderson,supraveghetor efecte vizuale: VFX Legion (1 episod 2022),niciunul,niciunul
Schuyler Anderson,principalul de urmărire/aspect: Monsters Aliens Robots Zombies (1 episod 2022),niciunul,niciunul
Edwin Arismendez,artist cu efecte vizuale: MELS (2 episoade 2022),niciunul,niciunul
Jessica Bayliss,șef de producție: Monsters Aliens Robots Zombies (2 episoade 2022),niciunul,niciunul
Sudhakar Bhavanasi,manager adjunct: Stereo D (1 episod 2022),niciunul,niciunul
Alan Bisht,artist de compoziție: NetFX Mumbai (1 episod 2022),niciunul,niciunul
William Blanchette,artist cu efecte vizuale: MELS (1 episod 2022),niciunul,niciunul
Jordan Boulais,artist cu efecte vizuale: MELS (2 episoade 2022),niciunul,niciunul
J. Alan Bradshaw,șeful cg: Monsters Aliens Robots Zombies (2 episoade 2022),niciunul,niciunul
Peter Braeley,pictor digital mat: Folks VFX (1 episod 2022),niciunul,niciunul
Charlotte Breton,editor de efecte vizuale: Folks VFX (1 episod 2022),niciunul,niciunul
Alex Bronfman,lider de vânzări: Monsters Aliens Robots Zombies (2 episoade 2022),niciunul,niciunul
Jonathan Bronfman,șef de studio: Monsters Aliens Robots Zombies (2 episoade 2022),niciunul,niciunul
Dennis Chan,artist de animație: Monsters Aliens Robots Zombies (1 episod 2022),niciunul,niciunul
Hardik Chauhan,compozitor senior: NetFX Mumbai (1 episod 2022),niciunul,niciunul
Molly Chen,artist de active: Monsters Aliens Robots Zombies (1 episod 2022),niciunul,niciunul
Sujesh V. Chitty,artist de concept: Folks VFX (1 episod 2022),niciunul,niciunul
Nolan Conrad,compozitor digital: VFX Legion (1 episod 2022),niciunul,niciunul
Andr s Couturier,artist grafic: VFX Legion (1 episod 2022),niciunul,niciunul
Madhu Dasyapu,asistent supervisor roto: Stereo D (1 episod 2022),niciunul,niciunul
Rodrigo de Angelis,artist fx: Monsters Aliens Robots Zombies (1 episod 2022),niciunul,niciunul
Sofia Diaz,artist de iluminat: Monsters Aliens Robots Zombies (1 episod 2022),niciunul,niciunul
Maya Dumont-Deslandes,manager de studio de efecte vizuale: MELS (1 episod 2022),niciunul,niciunul
Abdullah Ecirli,artist de compoziție: Monsters Aliens Robots Zombies (1 episod 2022),niciunul,niciunul
Manoj Kumar Elangovan,artist de urmărire și aspect: Monsters Aliens Robots Zombies (1 episod 2022),niciunul,niciunul
Michael Enzbrunner,animație principală: Monsters Aliens Robots Zombies (1 episod 2022),niciunul,niciunul
Timothy Fleur,creatură artist: Monsters Aliens Robots Zombies (1 episod 2022),niciunul,niciunul
Adam Fok,conducerea trucajului: Monsters Aliens Robots Zombies (1 episod 2022),niciunul,niciunul
Gil Franco,artist de active: Monsters Aliens Robots Zombies (1 episod 2022),niciunul,niciunul
Emily Funk,artist de active: Monsters Aliens Robots Zombies (1 episod 2022),niciunul,niciunul
Antonio Gallardo,producător de efecte vizuale: VFX Legion (1 episod 2022),niciunul,niciunul
Gregory Galliani,principal model: Monsters Aliens Robots Zombies (1 episod 2022),niciunul,niciunul
Igor Garanovschii,pictor mat: Rocket Science VFX (1 episod 2022),niciunul,niciunul
Kunal Ghai,artist de pictură: Stereo D (1 episod 2022),niciunul,niciunul
Rakan Ghresi,artist fx: Monsters Aliens Robots Zombies (1 episod 2022),niciunul,niciunul
Jimmy Gill,artist de animație: Monsters Aliens Robots Zombies (1 episod 2022),niciunul,niciunul
Yash Gowda,șeful 2d: Monsters Aliens Robots Zombies (2 episoade 2022),niciunul,niciunul
Jameer Haider,artist de pictură: NetFX Mumbai (1 episod 2022),niciunul,niciunul
Lewis Hawkes,lider trucaj: Monsters Aliens Robots Zombies (1 episod 2022),niciunul,niciunul
Jim Hillin,brichetă cu efecte vizuale Ghost VFX Toronto (1 episod 2022),niciunul,niciunul
Curtis Hsiung,animator: Rocket Science VFX (2 episoade 2022),niciunul,niciunul
Chen Kuang Hsu,artist de urmărire și aspect: Monsters Aliens Robots Zombies (1 episod 2022),niciunul,niciunul
Salvatore Iamonte,artist trucaj: Monsters Aliens Robots Zombies (1 episod 2022),niciunul,niciunul
Pragati Jana,artist de vopsea: Stereo D (1 episod 2022),none,none
Juyong Jeon,artist cu efecte vizuale (2 episoade 2022),niciunul,niciunul
Kenny Jia,pictor digital mat principal: Monsters Aliens Robots Zombies (1 episod 2022),niciunul,niciunul
Laszlo Kalbache,artist activ: Rocket Science VFX (1 episod 2022),niciunul,niciunul
Ashraf Karim,compozitor senior: NetFX Mumbai (1 episod 2022),niciunul,niciunul
Sharad Kate,artist de pictură: Stereo D (1 episod 2022),niciunul,niciunul
Min Kim,supervizor compoziție: Folks VFX (2 episoade 2022),niciunul,niciunul
Jamie Knoop,asistent de producție de efecte vizuale: Stereo D (1 episod 2022),niciunul,niciunul
Ashwini Lad,administrator efecte vizuale: Stereo D (1 episod 2022),niciunul,niciunul
Nadege Lagueux-Beloin,artist cu efecte vizuale: MELS (1 episod 2022),niciunul,niciunul
Tukaram Landbale,artist roto: NetFX Mumbai (1 episod 2022),niciunul,niciunul
Dany Lebrasseur,artist cu efecte vizuale: MELS (1 episod 2022),niciunul,niciunul
Kate TC Lin,compozitor digital: VFX Legion (1 episod 2022),niciunul,niciunul
Matthias Lowry,compozitor digital: VFX Legion (1 episod 2022),niciunul,niciunul
Jimmy Lue,coordonator efecte vizuale: Folks VFX (1 episod 2022),niciunul,niciunul
Jim Maxwell,pictor mat: Take 5 VFX (2 episoade 2022),niciunul,niciunul
Jay Mehta,artist de vopsea: NetFX Mumbai (1 episod 2022),niciunul,niciunul
Kristine Middlemiss,șef de tehnologie: Monsters Aliens Robots Zombies (2 episoade 2022),niciunul,niciunul
Ali Mio,producător de efecte vizuale: Rocket Science VFX (2 episoade 2022),niciunul,niciunul
Guto Miranda,artist de compoziție: Monsters Aliens Robots Zombies (1 episod 2022),niciunul,niciunul
Vashishta Mohit,artist de compoziție: NetFX Mumbai (1 episod 2022),niciunul,niciunul
Lon Molnar,șef de studio: Monsters Aliens Robots Zombies (2 episoade 2022),niciunul,niciunul
Jose Ignacio Narv ez Monroy,compoziție principală: Mr. X (2 episoade 2022),niciunul,niciunul
Atyeb Muneer,artist de compoziție: Monsters Aliens Robots Zombies (1 episod 2022),niciunul,niciunul
Ganesh Ramdas Nalle,artist roto senior: NetFX Mumbai (1 episod 2022),niciunul,niciunul
Michael Naphan,artist de aspect: Rocket Science VFX (1 episod 2022),niciunul,niciunul
Marla Oriol,artist de iluminat: Monsters Aliens Robots Zombies (1 episod 2022),niciunul,niciunul
Daksh Pandya,artist cu efecte vizuale (2 episoade 2022),niciunul,niciunul
Niki Patterson,tehnician de date: Stereo D (1 episod 2022),niciunul,niciunul
Aravind Pauldurai,artist de compoziție: Monsters Aliens Robots Zombies (1 episod 2022),niciunul,niciunul
Victor Perez,artist de animație: Monsters Aliens Robots Zombies (1 episod 2022),niciunul,niciunul
Navin Pinto,artist trucaj: Monsters Aliens Robots Zombies (1 episod 2022),niciunul,niciunul
Norman Ran,lider fx: Rocket Science VFX (1 episod 2022),niciunul,niciunul
Parastu Rezaie,principal lumini: Monsters Aliens Robots Zombies (1 episod 2022),none,none
Jean-Christophe Rodier,artist trucaj: Monsters Aliens Robots Zombies (1 episod 2022),niciunul,niciunul
Dmitry Ryabchuk,lider de mediu: Monsters Aliens Robots Zombies (1 episod 2022),niciunul,niciunul
Maryam Salehi,i/o: MELS (1 episod 2022),niciunul,niciunul
Rajvinder Sandhu,artist de iluminat: Monsters Aliens Robots Zombies (1 episod 2022),niciunul,niciunul
Eric Sanford,principalul creatură: Monsters Aliens Robots Zombies (1 episod 2022),niciunul,niciunul
Rohan Sapkal,artist roto junior: NetFX Mumbai (1 episod 2022),niciunul,niciunul
Alexandre Savard-Boisvert,compozitor digital (1 episod 2022),niciuna,niciuna
Mark Schreiber,animator (1 episod 2022),niciunul,niciunul
Aryan Sehgal,compozitor utilitar (1 episod 2022),niciunul,niciunul
Ronak Shah,fx lead: Monsters Aliens Robots Zombies (1 episod 2022),niciunul,niciunul
Neelima Sharma,compozitor: NetFX Mumbai (1 episod 2022),niciunul,niciunul
Vishal Shitole,coordonator i/o: NetFX Mumbai (1 episod 2022),niciunul,niciunul
Casey Sincic,producător de efecte vizuale: Monsters Aliens Robots Zombies (2 episoade 2022),niciunul,niciunul
Lovelesh Singh,artist de compoziție: NetFX Mumbai (1 episod 2022),niciunul,niciunul
Kalpana Mahapatro Siromani,art director & mattepainting lead (1 episod 2022),none,none
Joseph Soloway,coordonator efecte vizuale: VFX Legion (1 episod 2022),niciunul,niciunul
Meredith Sproul,coordonator spectacol: Monsters Aliens Robots Zombies (1 episod 2022),niciunul,niciunul
Danny Testani,artist de animație: Monsters Aliens Robots Zombies (1 episod 2022),niciunul,niciunul
Ali Thaheem,artist creatură: Monsters Aliens Robots Zombies (1 episod 2022),niciunul,niciunul
Hyacinthe Thomas,i/o: MELS (1 episod 2022),niciunul,niciunul
Phillip Thomas,artist de animație: Monsters Aliens Robots Zombies (1 episod 2022),niciunul,niciunul
Susana Vasquez,coordonator producție de efecte vizuale: Take 5 VFX (2 episoade 2022),none,none
Marcus Vinicius,i/o: MELS (1 episod 2022),none,none
Louis Vottero,pionier: Monsters Aliens Robots Zombies (1 episod 2022),niciunul,niciunul
Tina Vuu,coordonator efecte vizuale: VFX Legion (1 episod 2022),niciunul,niciunul
Tanja Wax,artist fx: Rocket Science VFX (1 episod 2022),niciunul,niciunul
Christina Wise,șef de studio: MELS (1 episod 2022),niciunul,niciunul
Jill Wu,pictor digital mat: Monsters Aliens Robots Zombies (1 episod 2022),niciunul,niciunul
Alphonso Young,pictor mat: Take 5 VFX (2 episoade 2022),niciunul,niciunul
Refo Yovarda,asistent de producție de efecte vizuale: Stereo D (1 episod 2022),niciunul,niciunul
Virpalsinh Zala,artist de compoziție: Monsters Aliens Robots Zombies (1 episod 2022),niciunul,niciunul
Abin Abraham,lider de active: MPC (necreditat) (8 episoade 2022),niciunul,niciunul
Adrian Bobb,artist creatură (necreditat) (8 episoade 2022),niciunul,niciunul
Eddie Bonin,director de efecte vizuale: Netflix (necreditat) (8 episoade 2022),niciunul,niciunul
R mi Bruschini,pipeline td (necreditat) (8 episoade 2022),none,none
Binod Kumar Das,supraveghetor de active: MPC (necreditat) (8 episoade 2022),niciunul,niciunul
Tiago Foa,inginer imagistic: Mr. X (necreditat) (8 episoade 2022),niciunul,niciunul
Jaime Fok,director editorial efecte vizuale (necreditat) (8 episoade 2022),niciunul,niciunul
JP Giamos,șeful producției: Rocket Science VFX (necreditat) (8 episoade 2022),niciunul,niciunul
Martin Hesselink,supraveghetor animație (necreditat) (8 episoade 2022),niciunul,niciunul
Rushikesh Chandrashekhar Kamble,pictor digital mat 3d (necreditat) (8 episoade 2022),niciunul,niciunul
Daniel May,regie artistică efecte vizuale (necreditat) (8 episoade 2022),niciunul,niciunul
Rachad Meya,supraveghetor iluminat (necreditat) (8 episoade 2022),niciunul,niciunul
Shoupal Panda,texture & lookdev artist (necreditat) (8 episoade 2022),niciunul,niciunul
Josephin Peichl,coordonator efecte vizuale: Netflix (necreditat) (8 episoade 2022),niciunul,niciunul
Rakesh,pictor mată digital 3d (necreditat) (8 episoade 2022),niciunul,niciunul
Kim Rampaul,coordonator efecte vizuale: Netflix (necreditat) (8 episoade 2022),niciunul,niciunul
Saha Saikat,artist de texturi și lookdev (necreditat) (7 episoade 2022),niciunul,niciunul
Seema Schere,pictor mat: Monsters Aliens Robots Zombies (necreditat) (8 episoade 2022),niciunul,niciunul
Surajit Senapati,artist 3d (necreditat) (8 episoade 2022),niciunul,niciunul
Satyendra Sharma,compozitor: MPC (necreditat) (8 episoade 2022),niciunul,niciunul
Prathamesh Ashok Waykole,artist activ: MPC (necreditat) (8 episoade 2022),niciunul,niciunul
Dean Wright,director de efecte vizuale: MGM Television (necreditat) (8 episoade 2022),niciunul,niciunul
Dylan Botnarenko,pictor digital mat: MPC (necreditat) (6 episoade 2022),niciunul,niciunul
Arjun Jasmeet Chawla,compozitor digital: MPC (necreditat) (5 episoade 2022),niciunul,niciunul
Dennis Tae Wook Kim,compozitor digital (necreditat) (5 episoade 2022),niciunul,niciunul
Hoss Ghaith,supraveghetor cg (necreditat) (3 episoade 2022),niciunul,niciunul
Solyi Ha,compozitor: Folks VFX (necreditat) (4 episoade 2022),niciunul,niciunul
Caylee Han,compozitor: Folks VFX (necreditat) (4 episoade 2022),niciunul,niciunul
Krista Wettlaufer,artist digital (necreditat) (3 episoade 2022),niciunul,niciunul
Christopher Lee Zammit,artist de concept (necreditat) (4 episoade 2022),niciunul,niciunul
Felipe Baldo,artist de iluminat: Folks VFX (necreditat) (3 episoade 2022),niciunul,niciunul
Marc-Antoine Blais,compozitor digital (necreditat) (2 episoade 2022),niciunul,niciunul
Adrien Francomme,compozitor digital (necreditat) (2 episoade 2022),niciunul,niciunul
Eduardo Gon alves,compozitor digital: Monsters Aliens Robots Zombies (necreditat) (2 episoade 2022),niciunul,niciunul
Alexander Greenberg,compozitor senior: Monsters Aliens Robots Zombies (necreditat) (2 episoade 2022),niciunul,niciunul
Prashant Jain,pictor digital mat 3d (necreditat) (3 episoade 2022),niciunul,niciunul
Hossein Karamian,compozitor: Monsters Aliens Robots Zombies (necreditat) (2 episoade 2022),niciunul,niciunul
Giuseppe Motta,supraveghetor creatură (necreditat) (3 episoade 2022),niciunul,niciunul
Chokkarapu Sai Pradeep,artist de iluminat cu efecte vizuale (necreditat) (2 episoade 2022),niciunul,niciunul
Pedro Roloff,compozitor digital (necreditat) (2 episoade 2022),niciunul,niciunul
Ilija Sazdovski,artist de aspect (necreditat) (3 episoade 2022),niciunul,niciunul
Jason Schick,compozitor digital (necreditat) (2 episoade 2022),niciunul,niciunul
Christa Tazzeo,producător executiv de efecte vizuale: Rocket Science VFX (necreditat) (3 episoade 2022),niciunul,niciunul
Sekh Batul Ali,artist de efecte vizuale (necreditat) (1 episod 2022),niciunul,niciunul
Luca Buonopane,artist cheie: MPC (necreditat) (1 episod 2022),niciunul,niciunul
Julian Fadalti,artist de aspect (necreditat) (1 episod 2022),niciunul,niciunul
Nitin Garg,artist senior lookdev: Folks VFX (necreditat) (1 episod 2022),niciunul,niciunul
Avinash Kodali,artist de iluminat (necreditat) (1 episod 2022),niciunul,niciunul
Genevieve Morneau,compozitor digital: MELS (necreditat) (1 episod 2022),none,none
Alex Park,artist matchmove: Folks VFX (necreditat) (1 episod 2022),niciunul,niciunul
Evan Roberts,artist de iluminat (necreditat) (1 episod 2022),niciunul,niciunul
Pavankumar Sagiraju,artist de iluminat (necreditat) (1 episod 2022),niciunul,niciunul
Yulia Segura,compozitor: Folks VFX (necreditat) (1 episod 2022),none,none
Amarjit Singha,artist 3d (necreditat) (1 episod 2022),niciunul,niciunul
Brett Chan,coordonator cascadorii (8 episoade 2022),niciunul,niciunul
Ionut Cotruta,stunt rigger (8 episoade 2022),none,none
Jason Ng,asistent coordonator cascadorii / coordonator cascadorii de acoperire (8 episoade 2022),niciunul,niciunul
Jenny Umbhau,dubla cascadorie: Jenna Ortega (8 episoade 2022),niciunul,niciunul
Fanel Ursu,cascador (8 episoade 2022),niciunul,niciunul
Andrei Vintileanu,stunt rigger (8 episoade 2022),none,none
Daniel Visan,cascadorii (8 episoade 2022),niciunul,niciunul
Nailah Johnson,dublă cascadorie: Joy Sunday / cascadorie (2 episoade 2022),niciunul,niciunul
Kinga Kives,cascador (3 episoade 2022),niciunul,niciunul
Alexandre Lopoka,dublu cascador: Tommie Earl Jenkins (2 episoade 2022),niciunul,niciunul
Milena Brewster,dubla cascadorie: Johnna Dias-Watson (1 episod 2022),niciunul,niciunul
Maxime Coulon,dublu cascador: Calum Ross (1 episod 2022),niciunul,niciunul
Gabrielle Anne Desy,dubla cascadorie: Emma Myers (1 episod 2022),niciunul,niciunul
Victoria Goodman,cascador (1 episod 2022),niciunul,niciunul
Daniel Himschoot,dublu cascador: Percy White (1 episod 2022),niciunul,niciunul
Matt Kennedy,cascador (1 episod 2022),niciunul,niciunul
Kaanchana Kerr,cascador (2 episoade 2022),niciunul,niciunul
Darlene Pineda,cascador (1 episod 2022),niciunul,niciunul
Phedra Syndelle,dublă cascadorie: Joy Sunday (1 episod 2022),niciunul,niciunul
Alexandra Vilcsek,cascadoră (1 episod 2022),niciunul,niciunul
Don t B nkuti,tehnician de imagistică digitală: a doua unitate (8 episoade 2022),niciunul,niciunul
Vlad Cioplea,fotograf (8 episoade 2022),niciuna,niciuna
David Dorohoianu,asistent secund fotografie (8 episoade 2022),niciuna,niciuna
Omar Dughouz,"a doua cameră asistentă: camera ""a"" (8 episoade 2022)",niciunul,niciunul
D niel Farkas,tehnician de imagistică digitală (8 episoade 2022),niciunul,niciunul
Robert Fenichiu,electrician/tehnician iluminat (8 episoade 2022),niciuna,niciuna
Cristi Fratoaica,a doua asistenta camera: a doua unitate (8 episoade 2022),niciuna,niciuna
Toni Ilinca,operator video (8 episoade 2022),niciuna,niciuna
Ochiana Ionut,operator asistent video (8 episoade 2022),niciuna,niciuna
Andrei Karastanef,"asistent camera: camera ""a"" (8 episoade 2022)",none,none
Brad Larner,"primul asistent camera: camera ""a"" (8 episoade 2022)",none,none
Tudor Lucaciu,director de fotografie: unitate a doua (8 episoade 2022),niciunul,niciunul
Radu Marinescu,key grip (8 episoade 2022),none,none
Florin Mihalache,gaffer (8 episoade 2022),none,none
Mihai Adrian Olteanu,best boy electric (8 episoade 2022),none,none
Andrei Petrescu,electrician (8 episoade 2022),niciuna,niciuna
Liviu Pojoni Jr.,"operator camera: camera ""b"" (8 episoade 2022)",none,none
Florea Andrei Stefan,operator dimmerboard/programator consola iluminat (8 episoade 2022),niciuna,niciuna
Viorel Stefan,operator de macara (8 episoade 2022),niciuna,niciuna
Adelina Vancea,camera trainee (8 episoade 2022),none,none
Petre Victor,"operator camera: camera ""b"" (8 episoade 2022)",none,none
Rob Arrowsmith,"operator de cameră: ""a"" unitate principală de operator de cameră/cameră stabilă (4 episoade 2022)",niciunul,niciunul
Andrei Cretan,"prim asistent camera: camera ""b"" (4 episoade 2022)",none,none
Fabrizio Sciarra,"operator de cameră: ""a"" unitate principală de operator de cameră/cameră stabilă (4 episoade 2022)",niciunul,niciunul
Boroka Biro,director de fotografie: epk (2 episoade 2022),niciunul,niciunul
Valdas Gulbinauskas,asistent video: fotografie suplimentară (2 episoade 2022),niciunul,niciunul
Matei Popa,a doua asistenta camera: a doua unitate (2 episoade 2022),none,none
S ndor rkus,tehnician de gestionare a datelor (2 episoade 2022),niciunul,niciunul
Cornel Biciu,gaffer subacvatic (1 episod 2022),niciuna,niciuna
Neil Bradley,tehnician ronin 2: fotografie suplimentară (1 episod 2022),niciunul,niciunul
Alexandru Durac,"operator camera: ""a"" operator camera/steadicam (1 episod 2022)",none,none
Sarbu Gigi,key grip: a doua unitate (1 episod 2022),none,none
Ben Parish,camera asistent subacvatic (1 episod 2022),niciunul,niciunul
Aurelian Radu,grip (2 episoade 2022),none,none
Ian Seabrook,director de fotografie subacvatică (1 episod 2022),niciunul,niciunul
Constantin Stan,a doua unitate (1 episod 2022),none,none
Alexandru Bogdan Stefan,tehnician macara (2 episoade 2022),niciuna,niciuna
Bal zs V rszegi,tehnician managementul datelor (2 episoade 2022),niciuna,niciuna
Jens Winkler,camera asistent subacvatic (1 episod 2022),niciunul,niciunul
Catalin Popa,asistent fotografie (necreditat) (8 episoade 2022),niciuna,niciuna
Peter Driscoll,animator cheie (1 episod 2022),niciunul,niciunul
Whitney Strouth,animator (necreditat) (1 episod 2022),niciunul,niciunul
Emily Bohbrink,asociat de casting (8 episoade 2022),niciunul,niciunul
Sin ad Donnelly,asistent de casting: Jenna Ortega (8 episoade 2022),niciunul,niciunul
Radu Dragoi,asistent de casting (8 episoade 2022),niciuna,niciuna
Frankie Fearis,asistent de casting (8 episoade 2022),niciunul,niciunul
Olissa Rogers,asociat de casting: Jenna Ortega (8 episoade 2022),niciunul,niciunul
Chandra Ruegg,asociat de casting (8 episoade 2022),niciunul,niciunul
Fiona Weir,distribuție: Jenna Ortega (8 episoade 2022),niciunul,niciunul
Sarah Wilson,asociat de casting (8 episoade 2022),niciunul,niciunul
Maddalena Zuppetta,asistent de casting (8 episoade 2022),niciunul,niciunul
George Ludlow,asociat de casting (3 episoade 2022),niciunul,niciunul
Ioana Albaiu,supraveghetor de garderobă (8 episoade 2022),niciunul,niciunul
Madalina Anton,breakdown artist (8 episoade 2022),none,none
Mattia Bionda,costumier principal (8 episoade 2022),niciunul,niciunul
Mariana Bujoi,costumer (8 episoade 2022),none,none
Maria Ciucanu,amanta de garderoba (8 episoade 2022),niciuna,niciuna
Ylenia Comerci,croitoreasa principala (8 episoade 2022),niciuna,niciuna
Lavinia Dedu,costumar de decor (8 episoade 2022),niciuna,niciuna
Constantinescu Denisa,asistent garderoba (8 episoade 2022),niciuna,niciuna
Andreea Dinu,principal standby (8 episoade 2022),none,none
Maria Endara,creatoare de costume senior (8 episoade 2022),niciuna,niciuna
Cristina Ghergheli,costumar de decor (8 episoade 2022),niciuna,niciuna
Megan Howell,producător de costume senior (8 episoade 2022),niciunul,niciunul
Daniela Ilin,costumar de decor (8 episoade 2022),niciuna,niciuna
Benjamin Ip,artist concept costum (8 episoade 2022),niciunul,niciunul
Ana Lazar,asistent de garderobă (8 episoade 2022),niciunul,niciunul
Paula Lazaroni,artist de depanare (8 episoade 2022),niciunul,niciunul
Twan Lentjes,principal producător de costume (8 episoade 2022),niciunul,niciunul
Ioana Mihailescu,asistent de garderoba / client stand-by crowd / client stand-by crowd (8 episoade 2022),none,none
Alessio O'Driscoll,costumier principal (8 episoade 2022),niciunul,niciunul
Ioana Somanescu,principal standby (8 episoade 2022),none,none
Bobby Soutar,asistent designer de costume (8 episoade 2022),niciunul,niciunul
Mark Sutherland,co-designer de costume (8 episoade 2022),niciunul,niciunul
Beth Tilley,producător de costume senior (8 episoade 2022),niciunul,niciunul
Jess Willcock-Stow,designer de costume asistent junior / designer de costume asistent junior (8 episoade 2022),niciunul,niciunul
Elizabeta Zainea,asistenta garderoba (8 episoade 2022),niciuna,niciuna
Marta Airoli,croitoreasă principală (5 episoade 2022),niciunul,niciunul
Ian Frazer Wallace,cutter principal (5 episoade 2022),niciunul,niciunul
Adina Bucur,costume supervisor (4 episoade 2022),none,none
Claudia Littlefield,supraveghetor costum (3 episoade 2022),niciunul,niciunul
Alina Caprian,client suplimentar (1 episod 2022),niciunul,niciunul
Madison D'Urbano,asistent post-producție: Marc Graue Recording Studios (8 episoade 2022),niciunul,niciunul
Bogdan Geambasu,operator cotidiene (8 episoade 2022),niciuna,niciuna
Katherine Hul,supervizor post-producție (8 episoade 2022),niciunul,niciunul
Razvan Ilinca,asistent editor (8 episoade 2022),niciuna,niciuna
Tom Mayclim,manager de date: Compania 3 (8 episoade 2022),niciunul,niciunul
Ian Passy,Color Assistant (8 episoade 2022),niciunul,niciunul
Sebastian Plamadeala,supervizor cotidian (8 episoade 2022),niciuna,niciuna
Carmen Rizac,coordonator cotidiene (8 episoade 2022),niciuna,niciuna
Joanne Rourke,colorist senior (7 episoade 2022),niciunul,niciunul
Alexandru Stoica,operator cotidiene (8 episoade 2022),niciuna,niciuna
Ian Sullivan,contabil de finisare (8 episoade 2022),niciunul,niciunul
Lavinia Terletchi,asistent editor (8 episoade 2022),niciuna,niciuna
Viktorija Tupikaite,operator de date i/o (8 episoade 2022),niciunul,niciunul
Motassem Younes,editor on-line (8 episoade 2022),niciunul,niciunul
Galina Chakarova,prim asistent editor (4 episoade 2022),niciuna,niciuna
Mihai Cosmin Popa,prim asistent redactor (4 episoade 2022),niciuna,niciuna
Paul G. Day,editor suplimentar (1 episod 2022),niciunul,niciunul
Cristi Dogaru,asistent manager locație (8 episoade 2022),niciunul,niciunul
Calin Hagima,manager de locație (8 episoade 2022),niciunul,niciunul
Tracey Savein,cercetător de locație (8 episoade 2022),niciunul,niciunul
Alex Molea,manager de locație supervizare (4 episoade 2022),niciunul,niciunul
Mircea Paraschiv,location manager (4 episoade 2022),none,none
Florin Patrascu,asistent manager locatie (4 episoade 2022),niciuna,niciuna
Chris Bacon,compozitor: muzică suplimentară (8 episoade 2022),niciunul,niciunul
Sarah Chapeck,coordonator muzical (8 episoade 2022),niciunul,niciunul
Norbert Elek,pregătire muzicală (8 episoade 2022),niciunul,niciunul
Danny Elfman,compozitor de muzică tematică (8 episoade 2022),niciunul,niciunul
Peter Kohrman,inginer tehnic de partitură (8 episoade 2022),niciunul,niciunul
Jen Malone,supraveghetor muzical (8 episoade 2022),niciunul,niciunul
Mandy Mamlet,director muzical (8 episoade 2022),niciunul,niciunul
lveti M ty s,violoncel solo de (8 episoade 2022),none,none
Michael T. Ryan,editor muzical (8 episoade 2022),niciunul,niciunul
B lint Sapszon,contractant pentru Budapest Scoring (8 episoade 2022),niciunul,niciunul
Viktor Szab,inginer de înregistrare (8 episoade 2022),niciunul,niciunul
Nicole Weisberg,supraveghetor muzical (8 episoade 2022),niciunul,niciunul
Shachar Boussani,asistent mix de partituri (6 episoade 2022),niciunul,niciunul
Robert Litton,orchestrator (6 episoade 2022),niciunul,niciunul
Noah Scot Snyder,mixer muzical (6 episoade 2022),niciunul,niciunul
Esin Aydingoz,aranjator (3 episoade 2022),niciunul,niciunul
Hemanth965,orchestrator: tema melodie (3 episoade 2022),niciunul,niciunul
Steve Bartek,orchestrator (2 episoade 2022),niciunul,niciunul
Bence Bob k,inginer de scor (2 episoade 2022),niciunul,niciunul
David G. Russell,conform (2 episoade 2022),niciunul,niciunul
Greg Hayes,mixer muzical (1 episod 2022),niciunul,niciunul
Bri Holland,cântăreață (1 episod 2022),niciunul,niciunul
Alfredo Pasquel,asistent de mixare a partiturii (1 episod 2022),niciunul,niciunul
Cristina Blea,asistent supervizor scenariu (8 episoade 2022),niciunul,niciunul
Monica Tatu,supervizor scenariu (8 episoade 2022),niciunul,niciunul
Daniel Sipocz,șofer de service (8 episoade 2022),niciunul,niciunul
Pal Szil rd Levente,șofer de unitate (8 episoade 2022),niciunul,niciunul
Priscila Amescua-Mendez,Suport pentru co-producător executiv (8 episoade 2022),niciuna,niciuna
Dogaru Silviu Andrei,asistent productie unitate / asistent de montaj unitar (8 episoade 2022),niciuna,niciuna
Aaron Becker,designul titlului principal (8 episoade 2022),niciunul,niciunul
Gergo Benkoczy,dresor de câini (8 episoade 2022),niciunul,niciunul
Dascalu Bogdan,asistent productie unitar (8 episoade 2022),niciuna,niciuna
Teo Bostanica,manager de unitate (8 episoade 2022),niciuna,niciuna
Alexandra Cranga,contabila casă mică (8 episoade 2022),niciunul,niciunul
Razvana Cristescu,asistent prim contabil (8 episoade 2022),niciuna,niciuna
Claudia Dediu,asistenta producator (8 episoade 2022),niciuna,niciuna
Penny Dyer,antrenor de dialecte (8 episoade 2022),niciunul,niciunul
Zoltan Horkai,antrenor cap de animale (8 episoade 2022),niciunul,niciunul
Ana Ineni,secretar de productie (8 episoade 2022),niciuna,niciuna
Emanuel Gabriel Ion,asistent coordonator testare (8 episoade 2022),niciuna,niciuna
Gavriloaia Irina,asistent coordonator contracte (8 episoade 2022),niciuna,niciuna
Peter Ivanyi,antrenor principal de animale (8 episoade 2022),niciunul,niciunul
Austin Kircher,contabil post-producție (8 episoade 2022),niciunul,niciunul
Christopher Landry,gazdă epk (8 episoade 2022),niciunul,niciunul
Nelson Moses Lassiter,asistent administrativ de producție (8 episoade 2022),niciunul,niciunul
Ioana Macarie,coregraf (8 episoade 2022),niciuna,niciuna
Cosmin Manea,contabil salarizare (8 episoade 2022),niciuna,niciuna
Elle McAlpine,coordonator de intimitate (8 episoade 2022),niciunul,niciunul
Troy James Miller,producător de titluri: Filmograph (8 episoade 2022),niciunul,niciunul
Dan Mirea,unitate operațiuni (8 episoade 2022),niciuna,niciuna
Ioana Mititelu,asistent coordonator productie (8 episoade 2022),niciuna,niciuna
Kristine Popovici,asistent de producție de birou (8 episoade 2022),niciunul,niciunul
Aurel Nicolae Radu,asistent contabil (8 episoade 2022),niciuna,niciuna
Olesea Railean,contabil productie (8 episoade 2022),niciuna,niciuna
Adrian Sabau,coordonator productie (8 episoade 2022),niciuna,niciuna
Iulia Anamaria Sima,coordonator contracte (8 episoade 2022),niciuna,niciuna
Daniela Soare,asistenta productie (8 episoade 2022),niciuna,niciuna
Adam M. Stone,coordonator de plasare de produse (8 episoade 2022),niciunul,niciunul
Cat Stone,coordonator de plasare a produselor (8 episoade 2022),niciunul,niciunul
Georgiana Tamaga,coordonator de călătorie (8 episoade 2022),niciunul,niciunul
Logi Thorvaldsson,asistent actor (8 episoade 2022),niciunul,niciunul
Toria Turner,asistent executiv (8 episoade 2022),niciunul,niciunul
Tony Wright,legătură internațională (8 episoade 2022),niciunul,niciunul
Bianca Bumbacea,alergătoare la tabăra de bază (7 episoade 2022),niciuna,niciuna
Lindsay Moffat,contabil de producție (4 episoade 2022),niciunul,niciunul
Gunnar Sizemore,actor vocal (4 episoade 2022),niciunul,niciunul
Bacula Sorin,caterer (3 episoade 2022),none,none
Monica Adam,bani mici (2 episoade 2022),niciunul,niciunul
Liliana Chomsky,adr loop group (2 episoade 2022),none,none
Vanessa Coffey,coordonator de intimitate (2 episoade 2022),niciunul,niciunul
Marius Florescu,supervizor covid (2 episoade 2022),niciuna,niciuna
Marilyn Lindsay,contabil pregătitoare (2 episoade 2022),niciunul,niciunul
Rhidian Bridge,supraveghetor covid (1 episod 2022),niciunul,niciunul
Bianca Bumvacea,alergătoare la tabăra de bază (1 episod 2022),niciuna,niciuna
Luke Carroll,secretar de producție: fotografie suplimentară (1 episod 2022),niciunul,niciunul
Ahmed El-Gallad,scriitor (1 episod 2022),niciunul,niciunul
Jorge Garcia Castro,consultant (1 episod 2022),niciunul,niciunul
Adam Lannon,manager covid (1 episod 2022),niciunul,niciunul
Sarah McGuinness,antrenor de dialect: James Clay Caroline Lawrie (1 episod 2022),niciunul,niciunul
Annabel Wilkin,primul asistent contabil: Marea Britanie (1 episod 2022),niciunul,niciunul
Eugene Shawn,asistent (necreditat) (8 episoade 2022),niciunul,niciunul
Ana Duarte,asistent director de casting (necreditat) (1 episod 2022),niciunul,niciunul
Isaac Sunderland,coordonator covid (necreditat) (1 episod 2022),niciunul,niciunul
